302454.082503496	4123699.4607445	
302454.193139539	4123699.63577577	
302454.312647077	4123699.81059827	
302454.442070618	4123700.02959613	
302454.590020533	4123700.28146456	
302454.78415582	4123700.60996137	
302454.895575212	4123700.81828076	
302454.989251601	4123701.0270177	
302455.091799483	4123701.23554586	
302455.185214737	4123701.43318677	
302455.278368861	4123701.61973164	
302455.371522982	4123701.80627651	
302455.548698587	4123702.16847899	
302455.632981197	4123702.35523264	
302455.726396429	4123702.55287355	
302455.828683152	4123702.75030568	
302455.922359498	4123702.95904263	
302456.03403996	4123703.17845807	
302456.145981541	4123703.40896954	
302456.266794613	4123703.63927225	
302456.378997306	4123703.88087976	
302456.500071489	4123704.1222785	
302456.621145667	4123704.36367725	
302456.741958713	4123704.59397996	
302456.86251063	4123704.81318663	
302456.974452169	4123705.04369811	
302457.095526322	4123705.28509687	
302457.225471963	4123705.52628684	
302457.355939842	4123705.7896689	
302457.504411825	4123706.06372944	
302457.652883799	4123706.33778999	
302457.80187801	4123706.63404261	
302457.959482581	4123706.91899043	
302458.108215648	4123707.20414702	
302458.25720983	4123707.50039965	
302458.405681757	4123707.77446021	
302458.554153676	4123708.04852077	
302458.693754094	4123708.32279011	
302458.833354502	4123708.59705945	
302458.954950799	4123708.86065029	
302459.076285969	4123709.11314511	
302459.19736001	4123709.35454388	
302459.309562555	4123709.59615143	
302459.421765094	4123709.83775898	
302459.524835017	4123710.06847927	
302459.627643814	4123710.28810352	
302459.721319996	4123710.4968405	
302459.814996174	4123710.70557749	
302459.908672348	4123710.91431448	
302459.993215909	4123711.1121642	
302460.077498346	4123711.29891789	
302460.161780779	4123711.48567158	
302460.24606321	4123711.67242527	
302460.404973214	4123712.01285331	
302460.573538052	4123712.38636069	
302460.676346797	4123712.60598495	
302460.788549263	4123712.84759252	
302460.928410659	4123713.13295792	
302461.068533164	4123713.42941937	
302461.208916779	4123713.73697685	
302461.357910752	4123714.03322953	
302461.49803323	4123714.32969098	
302461.63789458	4123714.61505639	
302461.768884437	4123714.90063058	
302461.899613168	4123715.17510873	
302462.030080774	4123715.43849085	
302462.151676888	4123715.70208174	
302462.282144479	4123715.96546386	
302462.412873179	4123716.23994202	
302462.543862989	4123716.52551621	
302462.67485279	4123716.81109041	
302462.814452949	4123717.08535981	
302462.945442734	4123717.37093401	
302463.085303992	4123717.65629945	
302463.224904125	4123717.93056885	
302463.355632768	4123718.20504702	
302463.486100288	4123718.46842916	
302463.616567801	4123718.7318113	
302463.74677419	4123718.9840974	
302463.877241687	4123719.24747955	
302464.016841772	4123719.52174896	
302464.174445922	4123719.80669688	
302464.35031525	4123720.11341935	
302464.526445681	4123720.43123785	
302464.7211024	4123720.78192694	
302464.933763173	4123721.14329453	
302465.146946158	4123721.5268542	
302465.369261716	4123721.92130115	
302465.59131614	4123722.30465207	
302465.813370545	4123722.68800299	
302466.026292343	4123723.06046664	
302466.230342647	4123723.43313907	
302466.434131821	4123723.79471546	
302466.628788393	4123724.14540458	
302466.823444947	4123724.49609371	
302467.017579264	4123724.82459077	
302467.202842094	4123725.1532966	
302467.378972325	4123725.47111516	
302467.55484143	4123725.77783768	
302467.730710525	4123726.08456021	
302467.888575554	4123726.38060422	
302468.055050931	4123726.66534345	
302468.203522245	4123726.93940416	
302468.360603911	4123727.20216008	
302468.508814096	4123727.46512476	
302468.647891692	4123727.71720217	
302468.78696928	4123727.96927958	
302468.91691428	4123728.21046972	
302469.046859274	4123728.45165986	
302469.176543151	4123728.68175397	
302469.297094442	4123728.9009608	
302469.417645727	4123729.12016764	
302469.538458116	4123729.35047051	
302469.677013436	4123729.58035586	
302469.797564704	4123729.7995627	
302469.936381118	4123730.04054409	
302470.09320157	4123730.292204	
302470.250544229	4123730.56605599	
302470.408147986	4123730.85100401	
302470.574623201	4123731.13574328	
302470.750492087	4123731.44246587	
302470.944365	4123731.75986697	
302471.146848259	4123732.06596328	
302471.349853718	4123732.39425167	
302471.570340985	4123732.71102651	
302471.808832273	4123733.03847987	
302472.038713184	4123733.37723804	
302472.277465542	4123733.71578745	
302472.525089345	4123734.05412811	
302472.772974235	4123734.40356481	
302473.021120209	4123734.76409756	
302473.260133596	4123735.11374304	
302473.499669172	4123735.48558059	
302473.739204727	4123735.85741815	
302473.969607698	4123736.21836843	
302474.191661396	4123736.60171955	
302474.40458251	4123736.9741834	
302474.61776471	4123737.35774329	
302474.830685789	4123737.73020714	
302475.05247831	4123738.10246225	
302475.264877148	4123738.45273404	
302475.477537072	4123738.81410187	
302475.67219296	4123739.16479119	
302475.875720291	4123739.51527175	
302476.069853946	4123739.84376899	
302476.263987585	4123740.17226624	
302476.449249755	4123740.50097225	
302476.634250809	4123740.81858223	
302476.819251852	4123741.13619221	
302476.985987768	4123741.43202763	
302477.161856229	4123741.73875034	
302477.319720667	4123742.03479451	
302477.477323996	4123742.31974266	
302477.64379877	4123742.60448205	
302477.792269524	4123742.87854291	
302477.94074027	4123743.15260378	
302478.089211007	4123743.42666465	
302478.237942832	4123743.71182156	
302478.395546104	4123743.99676972	
302478.553410462	4123744.29281392	
302478.71127481	4123744.58885812	
302478.869139147	4123744.88490232	
302479.027003474	4123745.18094653	
302479.185128889	4123745.48808678	
302479.343254292	4123745.79522703	
302479.501118588	4123746.09127124	
302479.65924397	4123746.39841149	
302479.817108245	4123746.69445571	
302479.975233607	4123747.00159597	
302480.151101855	4123747.30831873	
302480.318098644	4123747.61525024	
302480.485356517	4123747.9332778	
302480.661485825	4123748.2510966	
302480.837615123	4123748.56891541	
302481.014005503	4123748.89783026	
302481.19039587	4123749.22674512	
302481.375657672	4123749.55545122	
302481.552048013	4123749.88436608	
302481.746442328	4123750.22395948	
302481.940836628	4123750.56355289	
302482.126098374	4123750.89225901	
302482.311621202	4123751.23206117	
302482.515147997	4123751.58254188	
302482.70954224	4123751.9221353	
302482.903936467	4123752.26172872	
302483.098591772	4123752.61241819	
302483.311251042	4123752.9737862	
302483.515038851	4123753.33536296	
302483.700822666	4123753.68626119	
302483.904349353	4123754.03674192	
302484.098743488	4123754.37633538	
302484.293398701	4123754.72702486	
302484.487792807	4123755.06661832	
302484.673315457	4123755.40642053	
302484.867709534	4123755.746014	
302485.061842506	4123756.07451143	
302485.247104023	4123756.40321761	
302485.441498056	4123756.74281109	
302485.635892075	4123757.08240457	
302485.830286079	4123757.42199806	
302486.042945123	4123757.78336613	
302486.25586524	4123758.15583025	
302486.468785339	4123758.52829437	
302486.681966509	4123758.91185453	
302486.894625484	4123759.27322262	
302487.10754553	4123759.64568675	
302487.311333033	4123760.0072636	
302487.497377651	4123760.36925794	
302487.683422252	4123760.73125228	
302487.86007323	4123761.07126329	
302488.036985281	4123761.42237035	
302488.213636232	4123761.76238137	
302488.381415735	4123762.10260113	
302488.540062707	4123762.43193361	
302488.698709667	4123762.76126609	
302488.848224095	4123763.07971127	
302488.997477429	4123763.38706043	
302489.146730752	4123763.69440958	
302489.295722978	4123763.9906627	
302489.435582679	4123764.27602853	
302489.57544237	4123764.56139436	
302489.715302052	4123764.84676019	
302489.85490064	4123765.12102999	
302489.994238136	4123765.38420375	
302490.133575623	4123765.64737751	
302490.272913101	4123765.91055128	
302490.42216634	4123766.21790045	
302490.598294939	4123766.53571945	
302490.775467861	4123766.89792259	
302490.970383626	4123767.25970826	
302491.182781145	4123767.60998041	
302491.386568305	4123767.97155734	
302491.607837219	4123768.32162076	
302491.819973606	4123768.66079689	
302492.05820209	4123768.97715474	
302492.287820212	4123769.30481737	
302492.517438319	4123769.63248	
302492.720442132	4123769.96076885	
302492.914574506	4123770.28926645	
302493.108445784	4123770.60666801	
302493.311710634	4123770.94605292	
302493.488100117	4123771.274968	
302493.664228507	4123771.59278705	
302493.83122438	4123771.8997188	
302494.007613825	4123772.2286339	
302494.165999333	4123772.54687043	
302494.341866594	4123772.85359345	
302494.517994922	4123773.17141252	
302494.702733579	4123773.47792682	
302494.887211145	4123773.77334508	
302495.080821199	4123774.07965065	
302495.273909079	4123774.36376414	
302495.467258028	4123774.65897369	
302495.642864123	4123774.9546007	
302495.818470207	4123775.25022771	
302495.984943782	4123775.53496743	
302496.160288765	4123775.81949842	
302496.317629823	4123776.09335084	
302496.492713707	4123776.3667858	
302496.658665087	4123776.62933346	
302496.806612544	4123776.88120255	
302496.945949651	4123777.14437642	
302497.093636014	4123777.38514948	
302497.223579535	4123777.62634001	
302497.353261974	4123777.8564345	
302497.483205482	4123778.09762504	
302497.612887907	4123778.32771954	
302497.743092477	4123778.58000611	
302497.882429531	4123778.84317999	
302498.030637992	4123779.10614514	
302498.169713954	4123779.35822299	
302498.309050983	4123779.62139687	
302498.44812693	4123779.87347472	
302498.587463943	4123780.13664861	
302498.726539873	4123780.38872647	
302498.874748284	4123780.65169163	
302499.041482735	4123780.94752744	
302499.227004298	4123781.28732994	
302499.421658333	4123781.63801974	
302499.634577325	4123782.01048416	
302499.847496299	4123782.38294858	
302500.051543844	4123782.75562174	
302500.264201709	4123783.11699013	
302500.476337412	4123783.45616646	
302500.670991352	4123783.80685629	
302500.874255613	4123784.14624136	
302501.059254896	4123784.46385182	
302501.244515238	4123784.79255832	
302501.420643086	4123785.11037751	
302501.596770922	4123785.42819671	
302501.772637673	4123785.73491987	
302501.939371934	4123786.03075574	
302502.106367255	4123786.33768764	
302502.282495042	4123786.65550685	
302502.458883885	4123786.9844221	
302502.6532766	4123787.32401593	
302502.84793037	4123787.67470581	
302503.042584125	4123788.02539569	
302503.22810539	4123788.36519826	
302503.422498045	4123788.70479211	
302503.608019281	4123789.0445947	
302503.78440803	4123789.37350997	
302503.96027463	4123789.68023318	
302504.136663354	4123790.00914846	
302504.312529928	4123790.31587167	
302504.488657559	4123790.63369093	
302504.664785177	4123790.95151018	
302504.840912782	4123791.26932944	
302505.017040376	4123791.5871487	
302505.193429023	4123791.91606401	
302505.369556591	4123792.23388328	
302505.56394908	4123792.57347717	
302505.74920909	4123792.90218376	
302505.943601551	4123793.24177766	
302506.137471864	4123793.55917949	
302506.341257828	4123793.92075675	
302506.535911309	4123794.2714467	
302506.731086907	4123794.64432873	
302506.926262489	4123795.01721077	
302507.130048387	4123795.37878804	
302507.324701807	4123795.72947801	
302507.519355212	4123796.08016798	
302507.70487614	4123796.41997064	
302507.881525658	4123796.75998203	
302508.066785495	4123797.08868867	
302508.252045319	4123797.4173953	
302508.42817267	4123797.73521463	
302508.613432466	4123798.06392127	
302508.798431186	4123798.38153188	
302508.974297436	4123798.68825519	
302509.150946861	4123799.0282666	
302509.326813087	4123799.3349899	
302509.502418238	4123799.63061718	
302509.668890922	4123799.91535714	
302509.826231143	4123800.18920979	
302509.983832415	4123800.47415848	
302510.132301223	4123800.74821985	
302510.27163757	4123801.01139392	
302510.410973909	4123801.27456798	
302510.541177788	4123801.52685473	
302510.671903781	4123801.80133356	
302510.811501156	4123802.07560367	
302510.969624485	4123802.38274444	
302511.128792044	4123802.73426937	
302511.305702369	4123803.08537686	
302511.464347783	4123803.41470972	
302511.623254245	4123803.75513862	
302511.790509965	4123804.07316673	
302511.949155344	4123804.4024996	
302512.107539653	4123804.72073644	
302512.274795337	4123805.03876455	
302512.433179624	4123805.35700139	
302512.60121846	4123805.70831763	
302512.777867612	4123806.04832911	
302512.963127077	4123806.37703584	
302513.148647589	4123806.71683861	
302513.325557758	4123807.06794614	
302513.501945798	4123807.39686159	
302513.687205209	4123807.72556834	
302513.863071109	4123808.03229173	
302514.03867594	4123808.32791909	
302514.223674255	4123808.64552981	
302514.399801175	4123808.96334924	
302514.584799464	4123809.28095997	
302514.769797742	4123809.5985707	
302514.963928443	4123809.92706875	
302515.158320184	4123810.26666284	
302515.352711912	4123810.60625694	
302515.547364681	4123810.95694708	
302515.759760195	4123811.30721979	
302515.954673985	4123811.66900597	
302516.158198087	4123812.01948741	
302516.361722172	4123812.36996885	
302516.564985186	4123812.70935425	
302516.759115754	4123813.03785234	
302516.953246306	4123813.36635043	
302517.138505467	4123813.69505725	
302517.314632184	4123814.01287674	
302517.490497836	4123814.3196002	
302517.657492097	4123814.62653238	
302517.815614972	4123814.93367327	
302517.917638004	4123815.12001004	
302518.01966103	4123815.30634682	
302518.121684053	4123815.4926836	
302518.279284792	4123815.77763242	
302518.492202187	4123816.15009727	
302518.631015948	4123816.39107938	
302518.779223179	4123816.65404486	
302518.936562825	4123816.92789766	
302519.093902463	4123817.20175046	
302519.260635565	4123817.49758663	
302519.418236235	4123817.78253548	
302519.566704468	4123818.056597	
302519.714650594	4123818.30846646	
302519.880861555	4123818.58211056	
302520.047855657	4123818.88904278	
302520.23285354	4123819.20665362	
302520.436638351	4123819.56823118	
302520.658687986	4123819.9515834	
302520.880737601	4123820.33493563	
302521.093393729	4123820.6963045	
302521.297439519	4123821.06897812	
302521.501224246	4123821.4305557	
302521.705270002	4123821.80322933	
302521.927580574	4123822.19767762	
302522.150413222	4123822.61431799	
302522.381595121	4123823.00855757	
302522.613038048	4123823.41389321	
302522.835609587	4123823.81943755	
302523.057920059	4123824.21388587	
302523.279969466	4123824.59723815	
302523.492625395	4123824.95860707	
302523.696409944	4123825.3201847	
302523.89132311	4123825.68197105	
302524.085714171	4123826.02156533	
302524.289237625	4123826.37204694	
302524.474496248	4123826.7007539	
302524.659493811	4123827.01836482	
302524.84501345	4123827.35816782	
302525.039143394	4123827.68666608	
302525.242666773	4123828.03714772	
302525.446190138	4123828.38762935	
302525.649452441	4123828.72701496	
302525.775743954	4123829.19033532	
302525.927866409	4123829.61974146	
302526.105297715	4123829.9930413	
302526.299688599	4123830.33263563	
302526.5222598	4123830.73818006	
302526.663161455	4123831.06793059	
302526.813978628	4123831.44185655	
302526.999759136	4123831.79275563	
302527.123179084	4123832.13401961	
302527.299827168	4123832.47403137	
302527.47673628	4123832.82513916	
302527.626509227	4123833.154681	
302527.793502792	4123833.46161335	
302527.979283223	4123833.81251245	
302528.191677704	4123834.16278544	
302528.377980185	4123834.53587662	
302528.537146505	4123834.88740184	
302528.750063018	4123835.25986692	
302529.010990838	4123835.786633	
302529.231995547	4123836.12560128	
302529.515621789	4123836.48530072	
302529.712361751	4123836.92475945	
302530.028866923	4123837.55013767	
302530.251959854	4123837.97787427	
302530.500622665	4123838.36060062	
302530.73989203	4123838.7213436	
302530.971073136	4123839.1155834	
302531.193904946	4123839.53222398	
302531.425608084	4123839.94865586	
302531.648439852	4123840.36529645	
302531.879881912	4123840.77063231	
302532.102191566	4123841.16508084	
302532.324501202	4123841.55952937	
302532.565075582	4123841.97575259	
302532.743289477	4123842.38234066	
302532.947856362	4123842.77720661	
302533.17016592	4123843.17165516	
302533.392214424	4123843.55500768	
302533.614262909	4123843.93836021	
302533.836311375	4123844.32171274	
302534.076363544	4123844.71574392	
302534.298934037	4123845.12128854	
302534.513155232	4123845.54923393	
302534.727115375	4123845.96608329	
302534.950729938	4123846.41601207	
302535.643742505	4123846.82159183	
302535.876228341	4123847.27131193	
302536.099581781	4123847.7101447	
302536.322935199	4123848.14897748	
302536.554898905	4123848.57650553	
302536.76885888	4123848.99335493	
302536.983079864	4123849.42130038	
302537.18816846	4123849.83835849	
302537.392996008	4123850.24432057	
302537.597562508	4123850.63918662	
302537.793257653	4123851.03426137	
302537.979820414	4123851.41844877	
302538.174993467	4123851.79133145	
302538.36103414	4123852.15332679	
302538.538203462	4123852.51553083	
302538.71537277	4123852.87773487	
302538.900891342	4123853.21753815	
302539.068667232	4123853.55775882	
302539.227310747	4123853.88709214	
302539.385954251	4123854.21642547	
302539.552947023	4123854.52335804	
302539.71106845	4123854.8304993	
302539.886671505	4123855.12612714	
302540.062274548	4123855.42175499	
302540.255359218	4123855.70586941	
302540.430701211	4123855.99040123	
302540.605521142	4123856.25274097	
302540.789734446	4123856.53706411	
302540.955944048	4123856.81070859	
302541.122414667	4123857.0954491	
302541.297756604	4123857.37998094	
302541.491363242	4123857.68628747	
302541.676359561	4123858.00389872	
302541.870227195	4123858.3213013	
302542.073488195	4123858.66068726	
302542.285098458	4123858.97767246	
302542.488359425	4123859.31705843	
302542.700230683	4123859.64513967	
302542.912101924	4123859.97322093	
302543.105969471	4123860.29062352	
302543.291226701	4123860.61933085	
302543.485616266	4123860.95892553	
302543.679744793	4123861.28742418	
302543.865001982	4123861.61613152	
302544.049998133	4123861.93374282	
302544.226383969	4123862.26265886	
302544.393637444	4123862.58068755	
302544.560629888	4123862.8876202	
302544.718750995	4123863.19476155	
302544.876611071	4123863.49080686	
302545.043864502	4123863.80883555	
302545.220772306	4123864.15994368	
302545.388286731	4123864.48906842	
302545.564933488	4123864.82908052	
302545.741580231	4123865.16909262	
302545.927098282	4123865.50889604	
302546.121748661	4123865.85958681	
302546.316399024	4123866.21027758	
302546.511049373	4123866.56096836	
302546.705699704	4123866.91165914	
302546.891478703	4123867.26255862	
302547.085867988	4123867.60215337	
302547.280257256	4123867.94174813	
302547.483517831	4123868.2811342	
302547.677385034	4123868.5985369	
302547.87177426	4123868.93813167	
302548.07477377	4123869.26642172	
302548.277512249	4123869.58361574	
302548.497993349	4123869.9003924	
302548.718474431	4123870.21716907	
302548.938955498	4123870.53394573	
302549.168307864	4123870.85051372	
302549.388527883	4123871.15619437	
302549.600398602	4123871.48427577	
302549.80287596	4123871.79037379	
302550.005353303	4123872.09647181	
302550.190088004	4123872.4029872	
302550.383432993	4123872.69819788	
302550.558774326	4123872.98272988	
302550.734115649	4123873.26726189	
302550.89145332	4123873.54111523	
302551.039658656	4123873.80408121	
302551.196474281	4123874.05574248	
302551.33528626	4123874.29672508	
302551.474098231	4123874.53770768	
302551.604038884	4123874.77889896	
302551.733718517	4123875.00899421	
302551.863398143	4123875.23908946	
302551.975074128	4123875.45850603	
302552.105014753	4123875.69969732	
302552.234955372	4123875.94088861	
302552.374289318	4123876.20406329	
302552.523277602	4123876.50031741	
302552.699401827	4123876.81813757	
302552.876570086	4123877.18034188	
302553.071741959	4123877.55322486	
302553.26769685	4123877.95939597	
302553.48165535	4123878.37624576	
302553.713356443	4123878.79267819	
302553.945579537	4123879.2313027	
302554.177802608	4123879.66992722	
302554.409503636	4123880.08635968	
302554.623462032	4123880.50320949	
302554.854902011	4123880.90854592	
302555.068338348	4123881.30320366	
302555.290384963	4123881.6865567	
302555.494688951	4123882.0703271	
302555.698992923	4123882.45409751	
302555.91190717	4123882.8265632	
302556.106817788	4123883.18835022	
302556.301728391	4123883.55013723	
302556.496377969	4123883.90082822	
302556.681895225	4123884.24063185	
302556.867151459	4123884.56933945	
302557.043536379	4123884.89825572	
302557.21966028	4123885.21607596	
302557.404394461	4123885.52259149	
302557.579735319	4123885.80712363	
302557.755337171	4123886.10275181	
302557.930417	4123886.37618791	
302558.105496819	4123886.64962402	
302558.271444323	4123886.91217278	
302558.428520519	4123887.1749302	
302558.5853357	4123887.42659159	
302558.741889868	4123887.66715695	
302558.898183023	4123887.89662628	
302559.063608472	4123888.13698297	
302559.211030312	4123888.36666097	
302559.37619474	4123888.59592163	
302559.523616565	4123888.82559964	
302559.661906084	4123889.04439029	
302559.809327893	4123889.2740683	
302559.947617398	4123889.49285895	
302560.086167898	4123889.72274564	
302560.224979394	4123889.96372837	
302560.37292318	4123890.21559846	
302560.530260257	4123890.48945197	
302560.696990625	4123890.78528887	
302560.873114277	4123891.10310918	
302561.040105624	4123891.41004212	
302561.207096959	4123891.71697508	
302561.365216989	4123892.0241167	
302561.531947299	4123892.31995362	
302561.699199601	4123892.63798261	
302561.866451891	4123892.95601161	
302562.042836462	4123893.28492798	
302562.22809231	4123893.61363569	
302562.422741438	4123893.96432679	
302562.60878026	4123894.32632261	
302562.794297066	4123894.66612636	
302562.980074858	4123895.01702615	
302563.156720347	4123895.35703858	
302563.333104824	4123895.68595497	
302563.500617999	4123896.01508004	
302563.677002451	4123896.34399643	
302563.852864891	4123896.65072076	
302564.020639027	4123896.99094188	
302564.188152153	4123897.32006695	
302564.382801123	4123897.6707581	
302564.586582363	4123898.03233662	
302564.808628153	4123898.41568989	
302565.03954521	4123898.79883449	
302565.262112955	4123899.20437984	
302565.493812963	4123899.62081257	
302565.698116106	4123900.00458319	
302565.911551511	4123900.39924118	
302566.133858182	4123900.79369052	
302566.293543859	4123901.16740845	
302566.524460782	4123901.55055309	
302566.763987972	4123901.92239303	
302566.992816893	4123902.21676939	
302567.232344045	4123902.58860934	
302567.463782879	4123902.99394608	
302567.694699702	4123903.37709075	
302567.916484232	4123903.74934805	
302568.138268743	4123904.12160536	
302568.359531249	4123904.4716706	
302568.572183452	4123904.83304054	
302568.766832086	4123905.18373178	
302568.961219713	4123905.52332699	
302569.146475055	4123905.85203483	
302569.323120096	4123906.19204737	
302569.508114419	4123906.50965918	
302569.693108728	4123906.82727099	
302569.895845577	4123907.14446548	
302570.098321422	4123907.45056394	
302570.30053626	4123907.74556636	
302570.4941408	4123908.05187349	
302570.757932558	4123908.32322322	
302570.951798058	4123908.64062639	
302571.154534822	4123908.95782091	
302571.366142843	4123909.27480677	
302571.587405092	4123909.62487209	
302571.790402798	4123909.95316266	
302571.984529217	4123910.28166189	
302572.169523359	4123910.59927375	
302572.363127771	4123910.90558092	
302572.548382875	4123911.23428882	
302572.733376976	4123911.5519007	
302572.918632053	4123911.88060861	
302573.113019375	4123912.22020391	
302573.2987964	4123912.5711039	
302573.484573408	4123912.9220039	
302573.678960687	4123913.2615992	
302573.873347949	4123913.60119451	
302574.067996184	4123913.95188586	
302574.262383418	4123914.29148118	
302574.447638381	4123914.62018912	
302574.642025586	4123914.95978445	
302574.827280521	4123915.2884924	
302575.021406711	4123915.61699169	
302575.206661621	4123915.94569965	
302575.417486375	4123916.22939749	
302575.612134492	4123916.58008888	
302575.815131891	4123916.90837953	
302576.000647728	4123917.24818355	
302576.185902566	4123917.57689152	
302576.36254711	4123917.9169042	
302576.538930657	4123918.24582084	
302576.715575174	4123918.58583352	
302576.892219678	4123918.9258462	
302577.069125152	4123919.27695492	
302577.237159348	4123919.62827231	
302577.42319704	4123919.99026842	
302577.608973736	4123920.3411685	
302577.795011398	4123920.70316462	
302577.981049046	4123921.06516074	
302578.175957939	4123921.42694822	
302578.362256539	4123921.80004038	
302578.566558625	4123922.18381128	
302578.761989434	4123922.56779084	
302578.966291485	4123922.95156175	
302579.179725758	4123923.34622005	
302579.402292253	4123923.75176573	
302579.615726489	4123924.14642404	
302579.829421686	4123924.55217839	
302580.051988122	4123924.95772409	
302580.274815516	4123925.37436583	
302580.49764289	4123925.79100758	
302580.711077028	4123926.18566591	
302580.933382404	4123926.5801156	
302581.146555528	4123926.9636779	
302581.333114868	4123927.34786616	
302581.519413215	4123927.72095839	
302581.705450568	4123928.08295459	
302581.882355675	4123928.4340634	
302582.059260769	4123928.78517222	
302582.226772641	4123929.11429762	
302582.394284502	4123929.44342302	
302582.552664122	4123929.76166104	
302582.710782753	4123930.06880302	
302582.859769147	4123930.36505762	
302583.00875553	4123930.66131222	
302583.139738425	4123930.94688808	
302583.279331588	4123931.22115926	
302583.418663765	4123931.48433441	
302583.549124685	4123931.74771821	
302583.688456846	4123932.01089336	
302583.819178726	4123932.28537319	
302583.949378648	4123932.53766096	
302584.08897176	4123932.81193215	
302584.228825839	4123933.09729938	
302584.377551158	4123933.38245797	
302584.544540912	4123933.68939133	
302584.702920383	4123934.00762938	
302584.870432062	4123934.33675483	
302585.028811509	4123934.65499289	
302585.187451918	4123934.98432699	
302585.363834809	4123935.31324379	
302585.531346441	4123935.64236925	
302585.707990279	4123935.9823821	
302585.884373131	4123936.31129891	
302586.052145697	4123936.65152041	
302586.219918252	4123936.99174192	
302586.396562038	4123937.33175478	
302586.573466783	4123937.68286368	
302586.750371513	4123938.03397259	
302586.92727623	4123938.3850815	
302587.104180933	4123938.73619041	
302587.289956866	4123939.08709068	
302587.466600571	4123939.42710356	
302587.643505233	4123939.77821248	
302587.829542093	4123940.1402088	
302588.006707697	4123940.50241377	
302588.192483557	4123940.85331405	
302588.369649133	4123941.21551903	
302588.555685936	4123941.57751536	
302588.733112452	4123941.95081637	
302588.928542401	4123942.33479614	
302589.124494273	4123942.74096799	
302589.329056395	4123943.13583516	
302589.533879468	4123943.54179837	
302589.738702524	4123943.94776159	
302589.934132386	4123944.33174138	
302590.129562233	4123944.71572117	
302590.316120828	4123945.09990961	
302590.511028707	4123945.46169734	
302590.6881941	4123945.82390235	
302590.856749213	4123946.19741205	
302591.024782377	4123946.54872968	
302591.184205261	4123946.91135199	
302591.343628133	4123947.2739743	
302591.503050993	4123947.63659661	
302591.653602607	4123947.99942757	
302591.813025441	4123948.36204989	
302591.972709229	4123948.73576825	
302592.132653971	4123949.12058265	
302592.283727467	4123949.50560569	
302592.434800951	4123949.89062874	
302592.585874423	4123950.27565179	
302592.728076652	4123950.66088348	
302592.8791501	4123951.04590653	
302593.030223534	4123951.43092958	
302593.181035992	4123951.8048566	
302593.332109402	4123952.18987966	
302593.482921835	4123952.56380669	
302593.642866447	4123952.94862111	
302593.79393982	4123953.33364418	
302593.94501318	4123953.71866724	
302594.104957753	4123954.10348168	
302594.255770125	4123954.47740871	
302594.397711258	4123954.85154439	
302594.539130454	4123955.203488	
302594.662807191	4123955.55584888	
302594.795355143	4123955.90800113	
302594.901028451	4123956.24968326	
302595.015312012	4123956.58006071	
302595.129595566	4123956.91043816	
302595.226136666	4123957.2412329	
302595.321894872	4123957.53873952	
302595.426785258	4123957.84713354	
302595.522282491	4123958.13354413	
302595.626650939	4123958.41974608	
302595.713015976	4123958.69526927	
302595.808252231	4123958.97058382	
302595.885485076	4123959.23521961	
302595.971589138	4123959.49964676	
302596.057171272	4123959.74188184	
302596.134143144	4123959.9954216	
302596.211115011	4123960.24896136	
302596.306090273	4123960.51317988	
302596.402109376	4123960.82178255	
302596.498650394	4123961.15257729	
302596.622587942	4123961.51603424	
302596.746786442	4123961.89058722	
302596.871245892	4123962.27623625	
302596.986573155	4123962.65099787	
302597.101639449	4123963.01466346	
302597.208095479	4123963.38963372	
302597.296548108	4123963.75392523	
302597.375868556	4123964.10732933	
302597.454928039	4123964.44963739	
302597.533987516	4123964.79194545	
302597.604175774	4123965.13446215	
302597.664970894	4123965.45499542	
302597.72576601	4123965.77552868	
302597.786300164	4123966.08496591	
302597.847095273	4123966.40549917	
302597.898758206	4123966.71514503	
302597.950421138	4123967.0247909	
302597.993212853	4123967.33464539	
302598.045136738	4123967.65538729	
302598.106453751	4123967.99811263	
302598.159421467	4123968.36323869	
302598.222304228	4123968.77254025	
302598.285447945	4123969.19293785	
302598.348852615	4123969.62443149	
302598.430521618	4123970.07769993	
302598.503580365	4123970.54227305	
302598.594381521	4123971.0064289	
302598.65778617	4123971.43792254	
302598.739194188	4123971.88009495	
302598.861045243	4123972.53225753	
302598.915056751	4123972.94176773	
302598.968807296	4123973.3401819	
302599.022035921	4123973.71640399	
302599.039518764	4123974.08236458	
302599.06639473	4123974.47030862	
302599.10161998	4123974.83585194	
302599.127452108	4123975.17941183	
302599.135541829	4123975.52338899	
302599.151980836	4123975.84496543	
302599.177030086	4123976.15523721	
302599.184075973	4123976.45483021	
302599.190860901	4123976.74332718	
302599.206517032	4123977.03161552	
302599.230783403	4123977.30859918	
302599.245917615	4123977.57469544	
302599.279055187	4123977.85147047	
302599.303582515	4123978.13955017	
302599.336981043	4123978.42742124	
302599.361247411	4123978.7044049	
302599.376642579	4123978.9815972	
302599.348203669	4123979.28202475	
302599.347161233	4123979.6151145	
302599.372993354	4123979.95867439	
302599.416306911	4123980.29072097	
302599.442399988	4123980.6453769	
302599.540506477	4123981.04274789	
302599.638352	4123981.42902286	
302599.699668897	4123981.77174821	
302599.787860334	4123982.1249437	
302599.868485364	4123982.533828	
302599.920148175	4123982.84347388	
302599.962156913	4123983.12004028	
302600.005992359	4123983.47427894	
302600.041478523	4123983.85091831	
302600.076703729	4123984.21646164	
302600.111928931	4123984.58200497	
302600.139065815	4123984.98104505	
302600.166202696	4123985.38008512	
302600.237956496	4123985.78917807	
302600.264832416	4123986.17712211	
302600.282576187	4123986.55417875	
302600.309452105	4123986.94212279	
302600.335806106	4123987.30787476	
302600.362421064	4123987.68472276	
302600.344158157	4123988.04042186	
302600.361119051	4123988.38419039	
302600.404954471	4123988.73842905	
302600.502538937	4123989.11360799	
302600.546374351	4123989.46784665	
302600.59047072	4123989.83318135	
302600.589950189	4123990.18846318	
302600.606911078	4123990.53223171	
302600.650485526	4123990.87537434	
302600.667968329	4123991.24133494	
302600.648661596	4123991.55264989	
302600.612134411	4123991.88657418	
302600.603786536	4123992.2864488	
302600.604309848	4123992.68611478	
302600.605355079	4123993.10797284	
302600.659366457	4123993.51748306	
302600.713116873	4123993.91589724	
302600.76634537	4123994.29211935	
302600.819834821	4123994.67943749	
302600.873324269	4123995.06675564	
302600.934902022	4123995.42057704	
302601.006394783	4123995.81857395	
302601.113633223	4123996.22683237	
302601.176776708	4123996.64723	
302601.248530412	4123997.05632296	
302601.319240277	4123997.42103176	
302601.380818003	4123997.77485316	
302601.424392408	4123998.11799579	
302601.477098947	4123998.47202583	
302601.52902261	4123998.79276776	
302601.589817448	4123999.11330105	
302601.668093682	4123999.42232103	
302601.737237775	4123999.72045362	
302601.796988772	4123999.99660276	
302601.865610943	4124000.27254327	
302601.630003532	4124000.44461692	
302601.698625707	4124000.72055743	
302601.749766483	4124001.00801124	
302601.818910565	4124001.30614383	
302601.879183467	4124001.60448504	
302601.938673495	4124001.86953815	
302601.989553302	4124002.14589593	
302602.048782366	4124002.39985299	
302602.108272385	4124002.6649061	
302602.168023358	4124002.94105524	
302602.237428372	4124003.25028387	
302602.307094339	4124003.57060853	
302602.377543173	4124003.92422131	
302602.457385088	4124004.29981753	
302602.536705084	4124004.65322167	
302602.60741486	4124005.01793049	
302602.686734845	4124005.37133464	
302602.766315781	4124005.73583482	
302602.846157669	4124006.11143104	
302602.926260507	4124006.49812331	
302603.006885252	4124006.90700764	
302603.09638116	4124007.31568335	
302603.177527804	4124007.74675976	
302603.258935399	4124008.18893222	
302603.340082031	4124008.62000863	
302603.421750569	4124009.07327712	
302603.503680054	4124009.53764165	
302603.576216456	4124009.98002274	
302603.649274763	4124010.4445959	
302603.713722854	4124010.92047374	
302603.805045392	4124011.40682171	
302603.878364637	4124011.88249092	
302603.960815994	4124012.36904753	
302604.016653855	4124012.85623003	
302604.080840964	4124013.32101183	
302604.154421141	4124013.80777707	
302604.211041855	4124014.32824769	
302604.275489903	4124014.80412553	
302604.322195626	4124015.28042063	
302604.377772506	4124015.75650709	
302604.406735902	4124016.23321946	
302604.444048546	4124016.68753111	
302604.481622144	4124017.15293881	
302604.536677102	4124017.6068332	
302604.618084574	4124018.04900567	
302604.708102242	4124018.47987346	
302604.797858947	4124018.89964522	
302604.861263132	4124019.33113892	
302604.915274245	4124019.74064916	
302604.97815651	4124020.14995078	
302605.031906662	4124020.54836499	
302605.076785654	4124020.94698783	
302605.121142735	4124021.32341859	
302605.156628658	4124021.70005799	
302605.191853626	4124022.06560135	
302605.226817638	4124022.42004866	
302605.261781647	4124022.77449598	
302605.2964847	4124023.11784727	
302605.313445448	4124023.46161581	
302605.339016391	4124023.79407969	
302605.355716184	4124024.12675219	
302605.371894066	4124024.43723262	
302605.388071949	4124024.74771305	
302605.404249831	4124025.05819348	
302605.438430967	4124025.37935269	
302605.481222298	4124025.68920723	
302605.506793237	4124026.0216711	
302605.549845519	4124026.34262168	
302605.602812765	4124026.70774778	
302605.656301917	4124027.09506596	
302605.709269156	4124027.46019206	
302605.75310429	4124027.81443075	
302605.805810571	4124028.16846082	
302605.849384745	4124028.51160347	
302605.892697963	4124028.84365009	
302605.93601118	4124029.17569671	
302605.988456493	4124029.51863074	
302606.040901804	4124029.86156476	
302606.08473692	4124030.21580346	
302606.13744318	4124030.56983352	
302606.181278291	4124030.92407222	
302606.233984544	4124031.27810228	
302606.28642984	4124031.62103631	
302606.33939704	4124031.98616242	
302606.383493096	4124032.35149715	
302606.436721244	4124032.7277193	
302606.48994939	4124033.10394144	
302606.543438486	4124033.49125962	
302606.596927579	4124033.87857781	
302606.641545528	4124034.26610462	
302606.69477366	4124034.64232676	
302606.74800179	4124035.01854891	
302606.792097823	4124035.38388365	
302606.845325946	4124035.76010579	
302606.898293112	4124036.1252319	
302606.942128184	4124036.4794706	
302606.985441345	4124036.81151722	
302607.029015457	4124037.15465989	
302607.081460705	4124037.49759392	
302607.107292539	4124037.84115384	
302607.141734555	4124038.1734091	
302607.167305433	4124038.50587298	
302607.202269353	4124038.86032031	
302607.22862309	4124039.22607231	
302607.254715872	4124039.58072827	
302607.281069607	4124039.94648026	
302607.316555429	4124040.32311967	
302607.334559935	4124040.71127237	
302607.361696527	4124041.11031249	
302607.389094072	4124041.52044864	
302607.389878219	4124041.93121068	
302607.408143678	4124042.33045942	
302607.426148184	4124042.71861212	
302607.426149472	4124043.09608605	
302607.435021894	4124043.47335134	
302607.425630148	4124043.82884182	
302607.425631442	4124044.20631574	
302607.42511083	4124044.56159759	
302607.406847959	4124044.9172967	
302607.407110212	4124045.30586666	
302607.390413071	4124045.728142	
302607.373976886	4124046.16151337	
302607.357801659	4124046.60598078	
302607.35023661	4124047.03914353	
302607.333539482	4124047.46141887	
302607.334323657	4124047.87218091	
302607.31736558	4124048.28336021	
302607.317888805	4124048.68302621	
302607.317629169	4124049.0494041	
302607.317891442	4124049.43797407	
302607.308760684	4124049.80456059	
302607.308501052	4124050.17093848	
302607.3173735	4124050.54820378	
302607.29911067	4124050.90390289	
302607.298590088	4124051.25918474	
302607.298069508	4124051.61446659	
302607.297287974	4124051.9586524	
302607.295984533	4124052.28064614	
302607.295203003	4124052.62483196	
302607.285550353	4124052.9692264	
302607.285029779	4124053.32450826	
302607.292858418	4124053.6573894	
302607.291815938	4124053.99047918	
302607.290773459	4124054.32356896	
302607.289730981	4124054.65665873	
302607.288166595	4124054.96755644	
302607.286863165	4124055.28955018	
302607.285820691	4124055.62263995	
302607.275646145	4124055.94484232	
302607.274081765	4124056.25574002	
302607.272517384	4124056.56663773	
302607.271474916	4124056.8997275	
302607.261561331	4124057.23302591	
302607.251647749	4124057.56632432	
302607.250605285	4124057.8994141	
302607.258955847	4124058.25448733	
302607.250608001	4124058.65436197	
302607.25113127	4124059.05402798	
302607.251393588	4124059.44259795	
302607.251394951	4124059.82007188	
302607.242525203	4124060.19775445	
302607.242265613	4124060.56413234	
302607.241745071	4124060.9194142	
302607.241224529	4124061.27469606	
302607.240443035	4124061.61888187	
302607.239922497	4124061.97416373	
302607.23992387	4124062.35163767	
302607.240708112	4124062.76239972	
302607.241492355	4124063.17316177	
302607.242015645	4124063.57282778	
302607.251149089	4124063.96118913	
302607.251411427	4124064.3497591	
302607.251412809	4124064.72723304	
302607.251153238	4124065.09361093	
302607.241761604	4124065.44910142	
302607.232369972	4124065.80459191	
302607.213846281	4124066.14919499	
302607.213586716	4124066.51557289	
302607.204456047	4124066.88215942	
302607.204196486	4124067.24853732	
302607.195587732	4124067.63731593	
302607.196371999	4124068.04807798	
302607.179414058	4124068.4592573	
302607.180198328	4124068.87001935	
302607.172111496	4124069.28099003	
302607.172634815	4124069.68065605	
302607.163765119	4124070.05833862	
302607.154895425	4124070.43602119	
302607.154896837	4124070.81349513	
302607.154898249	4124071.19096907	
302607.15516062	4124071.57953905	
302607.155422992	4124071.96810903	
302607.146553309	4124072.3457916	
302607.14707664	4124072.74545762	
302607.147599974	4124073.14512363	
302607.148645223	4124073.56698173	
302607.140558418	4124073.97795242	
302607.141864626	4124074.41090655	
302607.14290988	4124074.83276465	
302607.144216092	4124075.26571878	
302607.145000393	4124075.67648084	
302607.146045653	4124076.09833894	
302607.155440097	4124076.49779633	
302607.173444679	4124076.88594905	
302607.18231721	4124077.26321436	
302607.19979988	4124077.629175	
302607.217021593	4124077.98403961	
302607.225372212	4124078.33911284	
302607.233722831	4124078.69418608	
302607.242334408	4124079.06035536	
302607.268427214	4124079.41501133	
302607.277299748	4124079.79227664	
302607.303653511	4124080.15802866	
302607.312526045	4124080.53529397	
302607.330269671	4124080.91235066	
302607.33888125	4124081.27851993	
302607.365235011	4124081.64427195	
302607.382978637	4124082.02132863	
302607.400722264	4124082.39838532	
302607.401245625	4124082.79805134	
302607.419250209	4124083.18620406	
302607.436993836	4124083.56326075	
302607.454737462	4124083.94031743	
302607.472220132	4124084.30627808	
302607.489180887	4124084.65004665	
302607.506663557	4124085.0160073	
302607.515536097	4124085.39327261	
302607.515276593	4124085.75965052	
302607.515017092	4124086.12602843	
302607.497015421	4124086.4928236	
302607.497277837	4124086.88139359	
302607.488408213	4124087.25907617	
302607.47979955	4124087.64785478	
302607.471190888	4124088.0366334	
302607.471975226	4124088.44739547	
302607.472237652	4124088.83596546	
302607.454496957	4124089.21385667	
302607.445888304	4124089.60263529	
302607.454499903	4124089.96880456	
302607.444847423	4124090.31319903	
302607.435194946	4124090.65759349	
302607.434413552	4124091.00177933	
302607.433371201	4124091.33486912	
302607.432067894	4124091.65686288	
302607.421371593	4124091.95687319	
302607.419546373	4124092.25667487	
302607.417721154	4124092.55647655	
302607.415634978	4124092.84518219	
302607.404677725	4124093.13409646	
302607.420855623	4124093.44457692	
302607.41015933	4124093.74458723	
302607.417466152	4124094.05527632	
302607.416423814	4124094.38836611	
302607.407293273	4124094.75495266	
302607.40729477	4124095.13242661	
302607.407296266	4124095.50990056	
302607.407558724	4124095.89847055	
302607.407299267	4124096.26484847	
302607.406778852	4124096.62013034	
302607.397126407	4124096.96452481	
302607.378602889	4124097.30912791	
302607.350947342	4124097.64284361	
302607.331901914	4124097.96525463	
302607.321466603	4124098.27636098	
302607.311031293	4124098.58746733	
302607.3092061	4124098.88726901	
302607.307380908	4124099.1870707	
302607.305555715	4124099.48687238	
302607.295120412	4124099.79797873	
302607.284163194	4124100.08689301	
302607.282598964	4124100.39779073	
302607.281295695	4124100.71978449	
302607.271643274	4124101.06417896	
302607.262251814	4124101.41966947	
302607.27164633	4124101.81912687	
302607.263820626	4124102.24119362	
302607.264083118	4124102.62976362	
302607.26434561	4124103.01833361	
302607.25521512	4124103.38492016	
302607.263565806	4124103.73999341	
302607.263045425	4124104.09527529	
302607.253393021	4124104.43966976	
302607.2698319	4124104.76124626	
302607.277660672	4124105.09412743	
302607.276879337	4124105.43831327	
302607.284969069	4124105.78229048	
302607.301929867	4124106.12605906	
302607.301148534	4124106.4702449	
302607.318631251	4124106.83620556	
302607.318371839	4124107.20258348	
302607.326983492	4124107.56875277	
302607.343944292	4124107.91252135	
302607.351773068	4124108.24540252	
302607.359079927	4124108.55609161	
302607.375257847	4124108.86657208	
302607.40004587	4124109.16574787	
302607.415701871	4124109.45403625	
302607.431096914	4124109.7312286	
302607.463712159	4124109.9858116	
302607.505459422	4124110.25128202	
302607.556077743	4124110.51654379	
302607.633309241	4124110.78117968	
302607.711062652	4124111.06800765	
302607.797687119	4124111.35462698	
302607.902575615	4124111.66302113	
302608.034077281	4124111.97078939	
302608.174710954	4124112.28944506	
302608.315344617	4124112.60810073	
302608.46458837	4124112.91545173	
302608.622442212	4124113.21149806	
302608.797777199	4124113.4960311	
302608.981722274	4124113.76925947	
302609.174799352	4124114.05337526	
302609.486592583	4124114.47902737	
302609.706543752	4124114.77361331	
302609.96171817	4124115.05626871	
302610.225502669	4124115.32761944	
302610.48876524	4124115.5767781	
302610.743417698	4124115.83724144	
302611.015290336	4124116.07509545	
302611.286902006	4124116.30185343	
302611.558513661	4124116.52861142	
302611.847345499	4124116.73276008	
302612.136177323	4124116.93690876	
302612.442229332	4124117.11844811	
302612.748020376	4124117.28889143	
302613.062160552	4124117.43693406	
302613.38517177	4124117.58476807	
302613.717314981	4124117.74348952	
302614.057807328	4124117.87981026	
302614.389167659	4124118.00524361	
302614.738270084	4124118.13025973	
302615.087111548	4124118.24417981	
302615.444824053	4124118.35789129	
302615.802797496	4124118.48269882	
302616.150856083	4124118.56333084	
302616.50830761	4124118.66594632	
302616.86549818	4124118.75746578	
302617.231037897	4124118.82658456	
302617.596577607	4124118.89570335	
302617.952985314	4124118.95393473	
302618.318264065	4124119.01195752	
302618.665800709	4124119.07039755	
302619.013076404	4124119.11774157	
302619.369223142	4124119.16487698	
302619.716237884	4124119.20112498	
302620.045249576	4124119.2266942	
302620.382871373	4124119.24095877	
302620.711622117	4124119.25543197	
302621.031762751	4124119.28120984	
302621.342771392	4124119.29610031	
302621.653780031	4124119.31099078	
302621.947046566	4124119.3262985	
302622.231442051	4124119.34181485	
302622.515576593	4124119.34623516	
302622.791101024	4124119.36196015	
302623.066364515	4124119.3665891	
302623.333017894	4124119.38252271	
302623.599932209	4124119.40955237	
302623.875456634	4124119.42527739	
302624.133760833	4124119.46361172	
302624.40980713	4124119.50152884	
302624.694463535	4124119.5281413	
302624.979119939	4124119.55475378	
302625.299260539	4124119.58053182	
302625.637404171	4124119.61698867	
302625.993550834	4124119.66412436	
302626.366917722	4124119.68865076	
302626.731413556	4124119.71338579	
302627.095648453	4124119.7270248	
302627.451012299	4124119.74087243	
302627.815247192	4124119.75451146	
302628.197224181	4124119.7677333	
302628.561198137	4124119.77027633	
302628.925433024	4124119.78391541	
302629.298538958	4124119.7973459	
302629.66277384	4124119.81098502	
302630.0361407	4124119.83551158	
302630.391504528	4124119.84935934	
302630.756000332	4124119.87409454	
302631.120235206	4124119.88773372	
302631.484209148	4124119.89027687	
302631.857054137	4124119.89261144	
302632.221028076	4124119.89515463	
302632.575609112	4124119.87571436	
302632.929929222	4124119.84517807	
302633.292337605	4124119.78114507	
302633.646135868	4124119.72841673	
302634.008805184	4124119.6754798	
302634.352949632	4124119.58967198	
302634.71457526	4124119.49235093	
302635.058719721	4124119.40654314	
302635.393471292	4124119.29875189	
302635.736572077	4124119.16855998	
302636.088282997	4124119.02706343	
302636.43112288	4124118.88577551	
302636.782572901	4124118.73318296	
302637.133762014	4124118.56949438	
302637.48469022	4124118.39470979	
302637.8350966	4124118.19773313	
302638.185502996	4124118.00075648	
302638.509035337	4124117.79330961	
302638.805171784	4124117.55320044	
302639.065563122	4124117.30282963	
302639.308473292	4124117.06397206	
302639.524770319	4124116.8257403	
302639.749416577	4124116.56510787	
302639.956059827	4124116.2937966	
302640.162181258	4124116.00029326	
302640.359170735	4124115.69590249	
302640.555116564	4124115.34712757	
302640.741930439	4124114.98746521	
302640.901870253	4124114.61733261	
302641.052678112	4124114.23631256	
302641.167740852	4124113.84503087	
302641.273671634	4124113.44286174	
302641.352989259	4124113.0413184	
302641.414564781	4124112.64019225	
302641.485011368	4124112.23885751	
302641.54632599	4124111.82663532	
302641.598769564	4124111.41462173	
302641.687741033	4124111.04615792	
302641.741228277	4124110.67852848	
302641.713832343	4124110.26839226	
302641.668694288	4124109.85867322	
302641.67808716	4124109.5031828	
302641.687219119	4124109.13659635	
302641.714093201	4124108.7695927	
302641.732618055	4124108.42498973	
302641.751403824	4124108.09148279	
302641.761057622	4124107.74708842	
302641.797324606	4124107.40206825	
302641.834113422	4124107.07924017	
302641.861509353	4124106.7344286	
302641.862813925	4124106.41243489	
302641.881599711	4124106.07892796	
302641.900385501	4124105.74542103	
302641.910300227	4124105.41212269	
302641.919954044	4124105.06772832	
302641.920736798	4124104.72354253	
302641.912909401	4124104.39066139	
302641.931173375	4124104.03496238	
302641.922824154	4124103.67988916	
302641.924128738	4124103.35789545	
302641.925694239	4124103.04699779	
302641.927520652	4124102.74719616	
302641.929347067	4124102.44739453	
302641.931173482	4124102.14759291	
302641.932738986	4124101.83669524	
302641.934304492	4124101.52579758	
302641.909778618	4124101.23771778	
302641.867249694	4124100.93895912	
302641.851333975	4124100.63957469	
302641.835679167	4124100.35128629	
302641.855247727	4124100.05106748	
302641.857595974	4124099.77345793	
302641.859944222	4124099.49584838	
302641.879773699	4124099.2067256	
302641.890993021	4124098.92890746	
302641.893080359	4124098.64020187	
302641.912648929	4124098.33998306	
302641.914214446	4124098.02908539	
302641.915258138	4124097.69599566	
302641.924911991	4124097.35160128	
302641.943958744	4124097.02919039	
302641.963005501	4124096.70677951	
302641.982574084	4124096.40656069	
302641.993271596	4124096.10655047	
302641.99457621	4124095.78455677	
302641.978138678	4124095.46298026	
302641.978921469	4124095.11879449	
302641.970572274	4124094.76372127	
302641.96222308	4124094.40864805	
302641.962223138	4124094.03117416	
302641.953352121	4124093.65390887	
302641.953613095	4124093.28753102	
302641.945263904	4124092.9324578	
302641.954917781	4124092.58806343	
302641.973442738	4124092.24346047	
302641.983618444	4124091.92125818	
302641.993794152	4124091.59905588	
302642.013362764	4124091.29883707	
302642.01518922	4124090.99903545	
302642.01727659	4124090.71032987	
302642.02823504	4124090.42141569	
302642.030583323	4124090.14380615	
302642.033192519	4124089.87729264	
302642.03632354	4124089.63297121	
302642.048586555	4124089.39953722	
302642.0522394	4124089.17740787	
302642.055892247	4124088.95527851	
302642.073112672	4124088.55519536	
302642.073112757	4124088.17772148	
302642.074156492	4124087.84463174	
302642.084854044	4124087.54462153	
302642.087463251	4124087.27810802	
302642.099987187	4124087.05577008	
302642.083288759	4124086.72309753	
302642.07833144	4124086.51227281	
302642.071808654	4124086.23487186	
302642.066329513	4124086.00185507	
302642.066068699	4124085.61328514	
302642.078070817	4124085.36875512	
302642.081201853	4124085.12443369	
302642.066329806	4124084.86943341	
302642.069460843	4124084.62511198	
302642.072330968	4124084.36969452	
302642.08381127	4124084.10297242	
302642.086420488	4124083.83645891	
302642.097378969	4124083.54754474	
302642.108337453	4124083.25863057	
302642.110163941	4124082.95882895	
302642.120600604	4124082.6477227	
302642.122166183	4124082.33682505	
302642.132602851	4124082.0257188	
302642.142517699	4124081.69242047	
302642.152693459	4124081.37021819	
302642.171479401	4124081.03671127	
302642.181394255	4124080.70341294	
302642.191048199	4124080.35901858	
302642.218705239	4124080.02530307	
302642.228359189	4124079.68090871	
302642.22940296	4124079.34781898	
302642.230707644	4124079.02582529	
302642.232012327	4124078.7038316	
302642.242188105	4124078.38162932	
302642.234360789	4124078.04874818	
302642.235665476	4124077.72675449	
302642.245580348	4124077.39345617	
302642.246102308	4124077.03817437	
302642.237231353	4124076.66090908	
302642.237231493	4124076.2834352	
302642.237231635	4124075.90596132	
302642.23749269	4124075.53958348	
302642.228621739	4124075.1623182	
302642.229404616	4124074.81813243	
302642.229926585	4124074.46285063	
302642.230709464	4124074.11866486	
302642.231492346	4124073.7744791	
302642.214793942	4124073.44180656	
302642.234362661	4124073.14158776	
302642.235667367	4124072.81959407	
302642.236711163	4124072.48650435	
302642.24662606	4124072.15320603	
302642.247669858	4124071.8201163	
302642.248452749	4124071.47593054	
302642.24923564	4124071.13174478	
302642.258889634	4124070.78735042	
302642.259933439	4124070.4542607	
302642.261238154	4124070.13226701	
302642.26228196	4124069.79917728	
302642.271675051	4124069.44368689	
302642.263586849	4124069.09970972	
302642.264369751	4124068.75552396	
302642.265152652	4124068.4113382	
302642.265935556	4124068.06715244	
302642.275589564	4124067.72275808	
302642.266196819	4124067.32330073	
302642.266457908	4124066.95692289	
302642.275851013	4124066.6014325	
302642.285244119	4124066.24594211	
302642.294115409	4124065.86825964	
302642.303247611	4124065.50167321	
302642.321250921	4124065.13487819	
302642.330383127	4124064.76829177	
302642.339776245	4124064.41280138	
302642.340559166	4124064.06861562	
302642.350735016	4124063.74641334	
302642.341081377	4124063.33585995	
302642.342386121	4124063.01386627	
302642.353344703	4124062.7249521	
302642.364303285	4124062.43603794	
302642.366912578	4124062.16952444	
302642.369000053	4124061.88081887	
302642.371609349	4124061.61430538	
302642.374218644	4124061.34779189	
302642.376567031	4124061.07018235	
302642.370566127	4124060.81497349	
302642.364304313	4124060.54866859	
302642.358042501	4124060.28236369	
302642.35125887	4124059.99386671	
302642.344214332	4124059.69427369	
302642.337169794	4124059.39468068	
302642.339257278	4124059.10597511	
302642.332212741	4124058.8063821	
302642.307686886	4124058.51830231	
302642.292553962	4124058.252206	
302642.286292152	4124057.9859011	
302642.280552159	4124057.74178827	
302642.334039974	4124057.37415889	
302642.347085847	4124057.17401303	
302642.333257469	4124056.9633969	
302642.319168182	4124056.74168475	
302642.31395001	4124056.519764	
302642.299077996	4124056.26476373	
302642.301165489	4124055.97605816	
302642.302992074	4124055.67625655	
302642.30481866	4124055.37645495	
302642.315255456	4124055.06534871	
302642.317603863	4124054.78773919	
302642.320213177	4124054.52122569	
302642.322822493	4124054.2547122	
302642.325692719	4124053.99929475	
302642.319430919	4124053.73298985	
302642.322040237	4124053.46647636	
302642.324910465	4124053.2110589	
302642.327258877	4124052.93344937	
302642.337956593	4124052.63343918	
302642.34734977	4124052.27794879	
302642.36561407	4124051.92224982	
302642.374746343	4124051.5556634	
302642.384661343	4124051.22236509	
302642.376834102	4124050.88948397	
302642.377877982	4124050.55639425	
302642.379182774	4124050.23440058	
302642.389619595	4124049.92329435	
302642.390924388	4124049.60130067	
302642.391968274	4124049.26821095	
302642.392751255	4124048.9240252	
302642.393795143	4124048.59093549	
302642.39509994	4124048.26894181	
302642.39640474	4124047.94694814	
302642.397970448	4124047.6360505	
302642.399536157	4124047.32515286	
302642.401623683	4124047.0364473	
302642.40371121	4124046.74774173	
302642.405798737	4124046.45903617	
302642.408147173	4124046.18142664	
302642.401624483	4124045.90402571	
302642.412061326	4124045.59291948	
302642.412583413	4124045.23763769	
302642.412844593	4124044.87125987	
302642.431369847	4124044.52665694	
302642.439197623	4124044.10459033	
302642.369272498	4124043.77316936	
302642.36196709	4124043.46248031	
302642.354400775	4124043.14069523	
302642.355444684	4124042.80760552	
302642.356227686	4124042.46341977	
302642.356488874	4124042.09704195	
302642.356750065	4124041.73066413	
302642.348401032	4124041.37559093	
302642.331702682	4124041.04291841	
302642.324136372	4124040.72113332	
302642.325702103	4124040.41023569	
302642.309525568	4124040.09975524	
302642.302481073	4124039.80016223	
302642.295958394	4124039.5227613	
302642.289174807	4124039.23426433	
302642.291262357	4124038.94555877	
302642.27612945	4124038.67946247	
302642.26986768	4124038.41315758	
302642.272477045	4124038.14664409	
302642.266737089	4124037.90253127	
302642.269607362	4124037.64711382	
302642.272216729	4124037.38060034	
302642.309527921	4124037.07996437	
302642.303005247	4124036.80256344	
302642.29596076	4124036.50297044	
302642.297265597	4124036.18097677	
302642.298570435	4124035.8589831	
302642.299875274	4124035.53698943	
302642.301701928	4124035.23718783	
302642.411286778	4124034.99036332	
302642.412591624	4124034.66836965	
302642.405025333	4124034.34658457	
302642.397459042	4124034.0247995	
302642.390153659	4124033.71411046	
302642.374238042	4124033.41472604	
302642.375803799	4124033.10382841	
302642.36014909	4124032.81554004	
302642.343450754	4124032.48286751	
302642.32727423	4124032.17238707	
302642.320229755	4124031.87279406	
302642.304053232	4124031.56231361	
302642.28839852	4124031.27402524	
302642.272482903	4124030.97464083	
302642.256828192	4124030.68635245	
302642.259176674	4124030.40874294	
302642.252654013	4124030.13134201	
302642.255263402	4124029.86482853	
302642.2581337	4124029.60941108	
302642.260221279	4124029.32070552	
302642.262047953	4124029.02090393	
302642.273267584	4124028.74308582	
302642.275094261	4124028.44328423	
302642.28605299	4124028.15437008	
302642.297533531	4124027.88764801	
302642.30875317	4124027.6098299	
302642.319190091	4124027.29872368	
302642.329627015	4124026.98761746	
302642.356762611	4124026.63170991	
302642.37450525	4124026.25381887	
302642.383637651	4124025.88723247	
302642.393030959	4124025.5317421	
302642.41181723	4124025.19823521	
302642.412861205	4124024.86514551	
302642.431908386	4124024.54273467	
302642.44208442	4124024.22053241	
302642.443911118	4124023.92073082	
302642.454608967	4124023.62072064	
302642.456957477	4124023.34311112	
302642.459566894	4124023.07659764	
302642.462176313	4124022.81008416	
302642.464785732	4124022.54357069	
302642.467395152	4124022.27705721	
302642.469482762	4124021.98835165	
302642.471570373	4124021.6996461	
302642.473136175	4124021.38874847	
302642.474441071	4124021.06675481	
302642.484356218	4124020.73345652	
302642.476268153	4124020.38947937	
302642.477312149	4124020.05638967	
302642.478356145	4124019.72329998	
302642.471572609	4124019.43480301	
302642.473138418	4124019.12390539	
302642.483836289	4124018.82389521	
302642.485402102	4124018.51299758	
302642.477314043	4124018.16902044	
302642.477575331	4124017.80264263	
302642.47783662	4124017.43626482	
302642.469748564	4124017.09228768	
302642.470531667	4124016.74810194	
302642.462443612	4124016.4041248	
302642.47235878	4124016.07082651	
302642.465053442	4124015.76013748	
302642.466880168	4124015.46033589	
302642.468967801	4124015.17163034	
302642.471316339	4124014.89402083	
302642.464793718	4124014.6166199	
302642.467142257	4124014.33901039	
302642.460097828	4124014.0394174	
302642.461402751	4124013.71742374	
302642.46244677	4124013.38433404	
302642.463751695	4124013.06234038	
302642.456446364	4124012.75165135	
302642.449662843	4124012.46315439	
302642.442879322	4124012.17465743	
302642.436356706	4124011.89725651	
302642.429573186	4124011.60875955	
302642.431399925	4124011.30895797	
302642.43296576	4124010.99806035	
302642.425660433	4124010.68737132	
302642.419137819	4124010.40997039	
302642.412354302	4124010.12147344	
302642.405831689	4124009.84407252	
302642.408702052	4124009.58865508	
302642.402440345	4124009.3223502	
302642.396178638	4124009.05604531	
302642.398266289	4124008.76733977	
302642.390439157	4124008.43445866	
302642.38287293	4124008.1126736	
302642.384177871	4124007.79067994	
302642.376611645	4124007.46889487	
302642.378177491	4124007.15799725	
302642.370872171	4124006.84730822	
302642.363827756	4124006.54771523	
302642.365132702	4124006.22572157	
302642.365654935	4124005.87043981	
302642.302774462	4124005.46113799	
302642.301992176	4124005.05037604	
302642.318952231	4124004.63919691	
302642.327562928	4124004.25041844	
302642.336173627	4124003.86163998	
302642.33617406	4124003.48416614	
302642.327564227	4124003.11799693	
302642.318954394	4124002.75182771	
302642.31947664	4124002.39654595	
302642.319998886	4124002.04126419	
302642.320782039	4124001.69707846	
302642.312954922	4124001.36419736	
302642.305388709	4124001.04241229	
302642.306954575	4124000.73151468	
302642.299649268	4124000.42082565	
302642.292865768	4124000.1323287	
302642.277471998	4123999.85513637	
302642.261817323	4123999.56684801	
302642.25477292	4123999.26725502	
302642.239118246	4123998.97896665	
302642.285300904	4123998.67812212	
302642.287388586	4123998.38941658	
302642.280344187	4123998.08982359	
302642.273821596	4123997.81242267	
302642.276170182	4123997.53481317	
302642.269908496	4123997.26850829	
302642.272778891	4123997.01309086	
302642.275910192	4123996.76876946	
302642.270431218	4123996.53575269	
302642.26469134	4123996.29163989	
302642.25869056	4123996.03643104	
302642.252428876	4123995.77012617	
302642.255299275	4123995.51470874	
302642.240427315	4123995.25970848	
302642.252168898	4123995.00408246	
302642.255561106	4123994.7708571	
302642.267563594	4123994.52632712	
302642.279566083	4123994.28179713	
302642.282436488	4123994.0263797	
302642.302527451	4123993.74835302	
302642.322096611	4123993.44813426	
302642.333055494	4123993.15922013	
302642.335143194	4123992.87051459	
302642.346362982	4123992.5926965	
302642.357321869	4123992.30378237	
302642.36854166	4123992.02596428	
302642.379239647	4123991.72595411	
302642.38941583	4123991.40375187	
302642.399070209	4123991.05935756	
302642.407941881	4123990.68167514	
302642.425945644	4123990.31488016	
302642.435078224	4123989.94829378	
302642.453603798	4123989.60369088	
302642.463519091	4123989.2703926	
302642.473434386	4123988.93709433	
302642.483871488	4123988.62598813	
302642.485437403	4123988.31509052	
302642.487264222	4123988.01528894	
302642.489351946	4123987.72658341	
302642.500571761	4123987.44876531	
302642.502398583	4123987.14896374	
302642.503703603	4123986.82697009	
302642.427255136	4123986.59562204	
302642.3836824	4123986.25247927	
302642.374811716	4123985.87521403	
302642.384466119	4123985.53081972	
302642.376117241	4123985.17574656	
302642.377161361	4123984.84265687	
302642.369334289	4123984.50977578	
302642.344025736	4123984.1884079	
302642.345330759	4123983.86641426	
302642.338025494	4123983.55572524	
302642.339591422	4123983.24482763	
302642.33254706	4123982.94523464	
302642.324980894	4123982.62344959	
302642.31767563	4123982.31276057	
302642.31063127	4123982.01316759	
302642.294976616	4123981.72487923	
302642.278800159	4123981.4143988	
302642.262623702	4123981.10391837	
302642.33385469	4123980.73587186	
302642.308546137	4123980.41450399	
302642.274105485	4123980.08224866	
302642.239403929	4123979.73889731	
302642.186699075	4123979.38486709	
302642.133994218	4123979.03083687	
302642.08155026	4123978.68790269	
302642.038238399	4123978.35585596	
302642.011886226	4123977.99010394	
302641.942482569	4123977.68087505	
302641.873600712	4123977.39383823	
302641.804979755	4123977.11789745	
302641.736358794	4123976.84195667	
302641.659388434	4123976.58841655	
302641.582157167	4123976.32378039	
302641.487444398	4123976.07065746	
302641.392731622	4123975.81753452	
302641.288886739	4123975.55352414	
302641.175909744	4123975.27862632	
302641.071543041	4123974.99242386	
302640.958566033	4123974.71752604	
302640.845328115	4123974.43153218	
302640.73209019	4123974.14553832	
302640.627723462	4123973.85933588	
302640.521791302	4123973.50655721	
302640.408553356	4123973.22056336	
302640.277572995	4123972.93498669	
302640.14685353	4123972.66050606	
302640.007001948	4123972.37513798	
302639.867150358	4123972.08976991	
302639.726776949	4123971.78220977	
302639.577793229	4123971.48595425	
302639.428548594	4123971.1786027	
302639.297568173	4123970.89302605	
302639.148584426	4123970.59677054	
302639.008993686	4123970.32249852	
302638.869142032	4123970.03713046	
302638.720680068	4123969.76306703	
302638.589960511	4123969.48858642	
302638.450630643	4123969.22541044	
302638.310778955	4123968.94004239	
302638.180320279	4123968.67665782	
302638.040990388	4123968.41348185	
302637.919141999	4123968.13879265	
302637.797815418	4123967.88629553	
302637.685099132	4123967.62249379	
302637.564033445	4123967.3810927	
302637.442185028	4123967.10640352	
302637.329468723	4123966.84260177	
302637.190399686	4123966.59052185	
302637.050808826	4123966.31624985	
302636.920089168	4123966.04176926	
302636.780498291	4123965.76749727	
302636.632036193	4123965.49343388	
302636.501316511	4123965.21895329	
302636.352593487	4123964.93379387	
302636.203609545	4123964.63753841	
302636.045493471	4123964.33039551	
302635.878506172	4123964.02346121	
302635.729522199	4123963.72720576	
302635.571667002	4123963.4311589	
302635.42294392	4123963.14599949	
302635.274220828	4123962.86084008	
302635.134629852	4123962.58656811	
302634.995038866	4123962.31229615	
302634.846054837	4123962.01604071	
302634.679067454	4123961.70910643	
302634.529561582	4123961.39065892	
302634.362052356	4123961.06153257	
302634.194282205	4123960.72131019	
302634.04451539	4123960.39176666	
302633.886138257	4123960.07352776	
302633.736893242	4123959.7661763	
302633.587648217	4123959.45882485	
302633.438403183	4123959.15147339	
302633.289679962	4123958.86631401	
302633.149827952	4123958.58094604	
302633.009975932	4123958.29557807	
302632.870384817	4123958.02130613	
302632.739664914	4123957.7468256	
302632.590941649	4123957.46166624	
302632.442218374	4123957.17650687	
302632.283841128	4123956.858268	
302632.116592649	4123956.54023773	
302631.949344159	4123956.22220746	
302631.800099015	4123955.91485603	
302631.641982639	4123955.60771321	
302631.493259303	4123955.32255386	
302631.344535959	4123955.03739451	
302631.204944742	4123954.7631226	
302631.074224741	4123954.48864209	
302630.952375958	4123954.21395299	
302630.821655942	4123953.93947248	
302630.690935918	4123953.66499198	
302630.559694055	4123953.36831941	
302630.409926988	4123953.03877593	
302630.241895625	4123952.68745759	
302630.091606703	4123952.33572204	
302629.941056853	4123951.97289046	
302629.799639134	4123951.62094632	
302629.667614465	4123951.29098565	
302629.535589786	4123950.96102498	
302629.412436326	4123950.63085572	
302629.289543775	4123950.31178249	
302629.184654589	4123950.00338809	
302629.080026314	4123949.70608973	
302628.984008345	4123949.39748674	
302628.888512202	4123949.11107582	
302628.793016056	4123948.8246649	
302628.715523281	4123948.54893281	
302628.628898354	4123948.26231329	
302628.533141274	4123947.96480634	
302628.446516336	4123947.67818682	
302628.350759244	4123947.38067986	
302628.25448031	4123947.06098084	
302628.14906922	4123946.73039439	
302628.035047808	4123946.41111257	
302627.920504551	4123946.06963868	
302627.805961287	4123945.7281648	
302627.709160482	4123945.38627371	
302627.603749356	4123945.05568726	
302627.498338221	4123944.72510081	
302627.410930467	4123944.40519319	
302627.314651473	4123944.08549417	
302627.218633392	4123943.7768912	
302627.104611913	4123943.45760939	
302626.990851346	4123943.14942362	
302626.876829853	4123942.83014182	
302626.762547432	4123942.49976399	
302626.65713624	4123942.16917755	
302626.551725042	4123941.83859111	
302626.446313836	4123941.50800467	
302626.332031384	4123941.17762684	
302626.226620163	4123940.8470404	
302626.121730776	4123940.53864604	
302626.016580461	4123940.21915564	
302625.920562299	4123939.91055268	
302625.815672891	4123939.60215832	
302625.701912236	4123939.29397257	
302625.597283736	4123938.99667425	
302625.483262145	4123938.67739246	
302625.378111788	4123938.35790207	
302625.263829262	4123938.02752425	
302625.13102148	4123937.66427554	
302624.998213688	4123937.30102683	
302624.865666809	4123936.94887415	
302624.742252082	4123936.60760891	
302624.618837348	4123936.26634366	
302624.495422604	4123935.92507842	
302624.372268774	4123935.59490922	
302624.258508023	4123935.28672349	
302624.144747265	4123934.97853775	
302624.040118667	4123934.68123945	
302623.926618817	4123934.38414975	
302623.82225113	4123934.09794749	
302623.718144357	4123933.82284126	
302623.614037578	4123933.54773504	
302623.519062964	4123933.28351624	
302623.414695252	4123932.99731398	
302623.29206319	4123932.68933686	
302623.168909276	4123932.35916768	
302623.045755351	4123932.02899849	
302622.922862343	4123931.70992534	
302622.80023025	4123931.40194823	
302622.686730321	4123931.10485855	
302622.573230385	4123930.80776887	
302622.459991366	4123930.52177523	
302622.346752339	4123930.23578159	
302622.224120208	4123929.92780449	
302622.092355893	4123929.60893996	
302621.951198468	4123929.26809197	
302621.809519184	4123928.9050519	
302621.650619235	4123928.56462114	
302621.509200852	4123928.21267712	
302621.377175563	4123927.88271656	
302621.24541119	4123927.56385204	
302621.113907733	4123927.25608356	
302620.982404268	4123926.94831508	
302620.851422645	4123926.66273868	
302620.738183522	4123926.37674506	
302620.607723736	4123926.11336073	
302620.47674209	4123925.82778433	
302620.336889181	4123925.54241655	
302620.19651441	4123925.23485669	
302620.047268373	4123924.92750544	
302619.897761399	4123924.60905817	
302619.748515342	4123924.30170693	
302619.60840146	4123924.00524311	
302619.468287567	4123923.7087793	
302619.328434594	4123923.42341153	
302619.188581611	4123923.13804376	
302619.039857362	4123922.85288461	
302618.890872175	4123922.55662942	
302618.741886979	4123922.26037423	
302618.601773031	4123921.96391043	
302618.444177485	4123921.67895989	
302618.304063519	4123921.3824961	
302618.155339213	4123921.09733696	
302618.006353969	4123920.80108178	
302617.848236525	4123920.49393918	
302617.681247809	4123920.1870052	
302617.522608484	4123919.85767054	
302617.336833503	4123919.50676964	
302617.141665385	4123919.13388529	
302616.955107582	4123918.7496963	
302616.769071626	4123918.38769938	
302616.583035655	4123918.02570246	
302616.397260598	4123917.67480159	
302616.220617723	4123917.33478814	
302616.044235767	4123917.00587073	
302615.876985994	4123916.68784074	
302615.709736208	4123916.36981076	
302615.543008275	4123916.07397285	
302615.385412529	4123915.78902236	
302615.227816773	4123915.50407188	
302615.079614137	4123915.24110486	
302614.94028276	4123914.97792922	
302614.809822641	4123914.71454498	
302614.679884381	4123914.4733528	
302614.568210514	4123914.25393547	
302614.465146976	4123914.02321349	
302614.362083434	4123913.7924915	
302614.259541752	4123913.5839616	
302614.174742604	4123913.37501446	
302614.090204384	4123913.17716335	
302613.996794892	4123912.97952087	
302613.893731325	4123912.74879889	
302613.781274616	4123912.49609346	
302613.65916383	4123912.21030854	
302613.527659897	4123911.90254016	
302613.40528816	4123911.60565921	
302613.282916415	4123911.30877826	
302613.169415934	4123911.01168869	
302613.064786715	4123910.71439051	
302612.969550632	4123910.43907578	
302612.882924879	4123910.1524564	
302612.796299123	4123909.86583702	
302612.70967336	4123909.57921764	
302612.613915385	4123909.28171084	
302612.517374597	4123908.95091594	
302612.429705077	4123908.61991242	
302612.333164276	4123908.28911752	
302612.254366018	4123907.95790538	
302612.17582869	4123907.63778928	
302612.105901696	4123907.30636853	
302612.036496569	4123906.99713985	
302611.966569566	4123906.66571909	
302611.905252899	4123906.32299369	
302611.844197164	4123905.99136432	
302611.783141425	4123905.65973495	
302611.721824746	4123905.31700954	
302611.660247127	4123904.96318811	
302611.607540782	4123904.60915805	
302611.536830942	4123904.24444919	
302611.46664297	4123903.90193241	
302611.396454993	4123903.55941562	
302611.317395732	4123903.21710746	
302611.23807553	4123902.86370326	
302611.167887539	4123902.52118648	
302611.0890892	4123902.18997435	
302611.019423073	4123901.86964964	
302610.949756941	4123901.54932493	
302610.880351743	4123901.24009626	
302610.811207476	4123900.94196363	
302610.741541332	4123900.62163892	
302610.672397058	4123900.32350628	
302610.603513717	4123900.03646968	
302610.543501656	4123899.74922447	
302610.473835495	4123899.42889976	
302610.395558984	4123899.11987971	
302610.326153754	4123898.81065104	
302610.257270393	4123898.52361445	
302610.187865153	4123898.21438578	
302610.118720846	4123897.91625315	
302610.049315598	4123897.60702449	
302609.980171284	4123897.30889186	
302609.920159188	4123897.02164664	
302609.851275804	4123896.73461005	
302609.782131479	4123896.43647742	
302609.713509025	4123896.16053686	
302609.653757854	4123895.88438769	
302609.584613516	4123895.58625506	
302609.524601401	4123895.29900985	
302609.454674242	4123894.96758912	
302609.366743562	4123894.62548959	
302609.29577264	4123894.24968471	
302609.216974177	4123893.9184726	
302609.129565358	4123893.59856515	
302609.060160051	4123893.28933649	
302608.990754741	4123892.98010783	
302608.921610365	4123892.68197521	
302608.852205046	4123892.37274655	
302608.783060661	4123892.07461393	
302608.723048504	4123891.78736872	
302608.662775403	4123891.48902748	
302608.584498777	4123891.18000745	
302608.524225669	4123890.88166621	
302608.454820328	4123890.57243755	
302608.384371224	4123890.21882476	
302608.295135771	4123889.82124506	
302608.205900312	4123889.42366536	
302608.126058019	4123889.04806912	
302608.046476659	4123888.68356891	
302607.967156235	4123888.33016474	
302607.887835805	4123887.97676056	
302607.827040779	4123887.65622726	
302607.757113515	4123887.32480654	
302607.696579422	4123887.01536926	
302607.627434969	4123886.71723665	
302607.576554986	4123886.44087887	
302607.525675001	4123886.16452108	
302607.474534073	4123885.87706726	
302607.414521843	4123885.58982207	
302607.353726791	4123885.26928876	
302607.292931735	4123884.94875546	
302607.231092914	4123884.58383801	
302607.169775969	4123884.24111264	
302607.117591262	4123883.90927468	
302607.065406551	4123883.57743672	
302607.004872417	4123883.26799945	
302606.94433828	4123882.95856219	
302606.893458263	4123882.6822044	
302606.851188603	4123882.39454196	
302606.801091402	4123882.15147229	
302606.750472318	4123881.88621055	
302606.699853232	4123881.6209488	
302606.640101899	4123881.34479965	
302606.57121832	4123881.05776308	
302606.501290974	4123880.72634237	
302606.412838193	4123880.36205079	
302606.315253161	4123879.98687181	
302606.190793267	4123879.60122266	
302606.057723001	4123879.22687817	
302605.898560692	4123878.87535162	
302605.721394818	4123878.51314629	
302605.544750814	4123878.17313303	
302605.368367739	4123877.84421582	
302605.200855958	4123877.51508998	
302605.033866048	4123877.20815621	
302604.867137072	4123876.91231849	
302604.709801277	4123876.63846421	
302604.543594164	4123876.36481856	
302604.404261909	4123876.10164308	
302604.256319281	4123875.84977225	
302604.117508896	4123875.60878884	
302603.987830757	4123875.37869285	
302603.858413555	4123875.15969289	
302603.728996346	4123874.94069293	
302603.599579133	4123874.72169297	
302603.461029656	4123874.49180561	
302603.313086976	4123874.2399348	
302603.146879775	4123873.96628918	
302602.989543875	4123873.69243493	
302602.832468911	4123873.42967672	
302602.666783571	4123873.17822318	
302602.518840846	4123872.92635238	
302602.379769423	4123872.67427296	
302602.249830251	4123872.43308095	
302602.129023329	4123872.20277636	
302602.008477348	4123871.98356779	
302601.905673986	4123871.76394198	
302601.794260253	4123871.55562083	
302601.691717828	4123871.34709105	
302601.571171824	4123871.1278825	
302601.440710714	4123870.86449843	
302601.28311376	4123870.57954818	
302601.133866216	4123870.27219722	
302600.966615087	4123869.9541675	
302600.818150365	4123869.68010466	
302600.660814319	4123869.40625045	
302600.512349578	4123869.13218761	
302600.364145777	4123868.86922082	
302600.206548755	4123868.58427058	
302600.040080405	4123868.29952897	
302599.854825618	4123867.97082049	
302599.660699499	4123867.64232064	
302599.466051468	4123867.29162872	
302599.27192532	4123866.96312887	
302599.077538209	4123866.623533	
302598.90141562	4123866.30571193	
302598.725032068	4123865.97679484	
302598.549170403	4123865.67006982	
302598.373047776	4123865.35224877	
302598.196925136	4123865.03442772	
302598.020802484	4123864.71660667	
302597.844940771	4123864.40988167	
302597.677950367	4123864.10294803	
302597.511481853	4123863.81820647	
302597.353362748	4123863.51106421	
302597.204897808	4123863.23700143	
302597.056954765	4123862.98513072	
302596.899357533	4123862.70018054	
302596.732628016	4123862.40434296	
302596.574769812	4123862.10829675	
302596.398907998	4123861.80157177	
302596.231917495	4123861.49463816	
302596.065187934	4123861.19880059	
302595.907329687	4123860.90275439	
302595.749732382	4123860.61780423	
302595.601267346	4123860.34374147	
302595.443670022	4123860.05879131	
302595.295465921	4123859.7958246	
302595.147000859	4123859.52176185	
302594.99879674	4123859.25879514	
302594.841460332	4123858.98494102	
302594.674991633	4123858.70019951	
302594.517133295	4123858.40415334	
302594.341271338	4123858.0974284	
302594.146883846	4123857.75783262	
302593.952496341	4123857.41823685	
302593.758369776	4123857.08973712	
302593.573114525	4123856.76102876	
302593.388381173	4123856.45451247	
302593.212519138	4123856.14778755	
302593.046050335	4123855.86304607	
302592.89732418	4123855.57788732	
302592.748858973	4123855.30382461	
302592.600654715	4123855.04085794	
302592.461060821	4123854.76658659	
302592.312334631	4123854.48142785	
302592.154737099	4123854.19647775	
302592.014882221	4123853.91111038	
302591.86641696	4123853.63704768	
302591.71795169	4123853.36298498	
302591.596361368	4123853.09939241	
302591.465899706	4123852.83600848	
302591.317173451	4123852.55084976	
302591.186189855	4123852.26527376	
302591.036941666	4123851.95792297	
302590.887954425	4123851.66166821	
302590.738706214	4123851.35431742	
302590.571715325	4123851.04738392	
302590.404985382	4123850.75154645	
302590.247126765	4123850.45550034	
302590.098661393	4123850.18143767	
302589.941324676	4123849.90758364	
302589.783987949	4123849.63372962	
302589.618301797	4123849.3822763	
302589.47035831	4123849.13040571	
302589.313282516	4123848.86764773	
302589.15568479	4123848.58269768	
302588.980344379	4123848.29816491	
302588.795871655	4123848.00274475	
302588.611659882	4123847.71842063	
302588.444929813	4123847.42258319	
302588.287332033	4123847.13763316	
302588.111730603	4123846.84200437	
302587.936129162	4123846.54637558	
302587.77853135	4123846.26142555	
302587.62093353	4123845.97647553	
302587.454203396	4123845.68063811	
302587.295822666	4123845.36239999	
302587.137963851	4123845.06635393	
302586.970972719	4123844.75942049	
302586.804503505	4123844.47467912	
302586.637251387	4123844.15664964	
302586.470260223	4123843.84971621	
302586.294658667	4123843.55408745	
302586.128450373	4123843.28044213	
302585.971113412	4123843.00658817	
302585.822908751	4123842.7436216	
302585.665832737	4123842.48086368	
302585.517628059	4123842.21789712	
302585.351680681	4123841.95534784	
302585.194343674	4123841.68149389	
302585.018481067	4123841.37476913	
302584.823831892	4123841.02407751	
302584.620572322	4123840.68469058	
302584.426706016	4123840.36728708	
302584.223707383	4123840.03899619	
302584.03845143	4123839.71028802	
302583.862327778	4123839.39246723	
302583.686465081	4123839.08574249	
302583.519473719	4123838.77880911	
302583.370746981	4123838.49365051	
302583.222020232	4123838.20849191	
302583.091297141	4123837.93401206	
302582.96083501	4123837.67062825	
302582.83063384	4123837.41834047	
302582.709825951	4123837.18803612	
302582.598411343	4123836.9797152	
302582.496129049	4123836.78228167	
302582.384192493	4123836.55176868	
302582.254774198	4123836.33276902	
302582.124572991	4123836.08048125	
302581.975846163	4123835.79532267	
302581.826336416	4123835.47687599	
302581.658822986	4123835.14775057	
302581.500702836	4123834.84060858	
302581.342582675	4123834.53346659	
302581.184201531	4123834.21522856	
302580.998684376	4123833.87542441	
302580.804034881	4123833.52473288	
302580.618256726	4123833.1738327	
302580.42334623	4123832.81204514	
302580.220086307	4123832.4726583	
302580.015782481	4123832.08888732	
302579.821654853	4123831.76038788	
302579.608479636	4123831.37682556	
302579.39504343	4123830.98216722	
302579.191000508	4123830.60949229	
302578.986957567	4123830.23681737	
302578.782914611	4123829.86414246	
302578.597136301	4123829.51324232	
302578.420229336	4123829.16213354	
302578.24358333	4123828.82212079	
302578.049455566	4123828.49362139	
302577.873331482	4123828.17580072	
302577.697468359	4123827.86907609	
302577.530737561	4123827.57323885	
302577.36400675	4123827.27740161	
302577.206408265	4123826.99245176	
302577.049592696	4123826.74079002	
302576.892777118	4123826.48912828	
302576.745093868	4123826.24835393	
302576.615675286	4123826.02935434	
302576.504260398	4123825.82103349	
302576.39258453	4123825.60161661	
302576.290562948	4123825.41527918	
302576.18854136	4123825.22894175	
302576.085997817	4123825.02041225	
302575.964667634	4123824.76791592	
302575.834466082	4123824.51562824	
302575.685477888	4123824.21937372	
302575.545622024	4123823.9340066	
302575.396894788	4123823.64884812	
302575.275303591	4123823.38525576	
302575.135708679	4123823.11098467	
302574.996374737	4123822.84780962	
302574.86617313	4123822.59552196	
302574.735971516	4123822.34323429	
302574.605769894	4123822.09094663	
302574.484961589	4123821.86064239	
302574.327884875	4123821.59788465	
302574.170025215	4123821.30183882	
302574.003555156	4123821.01709768	
302573.819081372	4123820.72167781	
302573.651828353	4123820.40364857	
302573.467354545	4123820.10822871	
302573.300362482	4123819.80129551	
302573.125020998	4123819.51676303	
302572.958811853	4123819.24311794	
302572.810084456	4123818.95795951	
302572.63474294	4123818.67342705	
302572.476883173	4123818.37738124	
302572.319806338	4123818.11462354	
302572.171339883	4123817.84056115	
302572.013480087	4123817.54451536	
302571.847270871	4123817.27087029	
302571.671929291	4123816.98633784	
302571.505198089	4123816.69050071	
302571.33872786	4123816.40575961	
302571.163125264	4123816.11013114	
302570.987522657	4123815.81450267	
302570.811920038	4123815.51887421	
302570.627185051	4123815.21235837	
302570.46880319	4123814.89412052	
302570.284329162	4123814.59870073	
302570.117858855	4123814.31395965	
302569.969131286	4123814.02880126	
302569.820664691	4123813.75473891	
302569.662804745	4123813.45869316	
302569.514077148	4123813.17353477	
302569.356217181	4123812.87748902	
302569.20540169	4123812.50356236	
302569.038148355	4123812.1855332	
302568.870895009	4123811.86750404	
302568.695292243	4123811.57187561	
302568.519167494	4123811.25405512	
302568.342520763	4123810.91404256	
302568.148392245	4123810.58554336	
302567.954524699	4123810.2681402	
302567.76952852	4123809.95052838	
302567.584532328	4123809.63291657	
302567.408407502	4123809.31509609	
302567.232282663	4123808.99727563	
302567.047547417	4123808.69075986	
302566.871944528	4123808.39513147	
302566.695558665	4123808.06621497	
302566.519955753	4123807.77058659	
302566.352963222	4123807.46365351	
302566.185970679	4123807.15672044	
302566.009845756	4123806.83889999	
302565.833198842	4123806.49888748	
302565.665684287	4123806.16976234	
302565.506780116	4123805.82933251	
302565.330655142	4123805.51151207	
302565.172794902	4123805.21546639	
302565.006063267	4123804.91962937	
302564.839070633	4123804.61269632	
302564.681210362	4123804.31665064	
302564.515000673	4123804.04300571	
302564.366794738	4123803.78003947	
302564.209978397	4123803.52837795	
302564.061772444	4123803.26541173	
302563.922698861	4123803.01333287	
302563.792235665	4123802.74994933	
302563.672209794	4123802.55293333	
302563.533919161	4123802.33414259	
302563.403977926	4123802.09295112	
302563.283169065	4123801.86264702	
302563.116698296	4123801.57790607	
302562.959098907	4123801.29295645	
302562.79288911	4123801.01931155	
302562.617807913	4123800.74587531	
302562.451337102	4123800.46113437	
302562.28460529	4123800.1652974	
302562.109002075	4123799.8696691	
302561.933659841	4123799.58513683	
302561.766927994	4123799.28929987	
302561.591585738	4123799.00476762	
302561.43372526	4123798.70872199	
302561.276125766	4123798.42377241	
302561.127397654	4123798.13861416	
302560.978669534	4123797.85345591	
302560.821331005	4123797.57960237	
302560.672602864	4123797.29444413	
302560.532746109	4123797.00907723	
302560.383756955	4123796.71282295	
302560.234767791	4123796.41656868	
302560.085517624	4123796.10921838	
302559.935745456	4123795.77967601	
302559.777362877	4123795.46143834	
302559.609847895	4123795.13231331	
302559.441810911	4123794.78099622	
302559.282645309	4123794.42947045	
302559.123479696	4123794.07794469	
302558.955703668	4123793.73772364	
302558.779839221	4123793.43099936	
302558.595364362	4123793.1355798	
302558.419760887	4123792.83995156	
302558.244418398	4123792.55541937	
302558.069597892	4123792.29307925	
302557.911998179	4123792.00812972	
302557.746049052	4123791.74558094	
302557.589232313	4123791.49391952	
302557.423022169	4123791.22027471	
302557.265944413	4123790.95751726	
302557.091123847	4123790.69517716	
302556.93430707	4123790.44351576	
302556.786361685	4123790.19164569	
302556.620934488	4123789.95128899	
302556.464117686	4123789.6996276	
302556.307300874	4123789.4479662	
302556.159616454	4123789.20719217	
302556.020542429	4123788.95511344	
302555.890600799	4123788.71392207	
302555.733522953	4123788.45116465	
302555.576184098	4123788.1773112	
302555.409190829	4123787.87037831	
302555.233065143	4123787.55255807	
302555.047807039	4123787.22385047	
302554.871159325	4123786.88383816	
302554.685640194	4123786.54403453	
302554.490727639	4123786.1822475	
302554.296337073	4123785.84265255	
302554.092553082	4123785.48107421	
302553.889030077	4123785.13059191	
302553.69411746	4123784.7688049	
302553.490594423	4123784.41832261	
302553.268806548	4123784.0460656	
302553.065283478	4123783.69558331	
302552.844539582	4123783.36771046	
302552.62379567	4123783.0398376	
302552.403573749	4123782.73415683	
302552.183351813	4123782.42847605	
302551.963390866	4123782.13389132	
302551.752562319	4123781.85019395	
302551.541733759	4123781.56649659	
302551.330905184	4123781.28279924	
302551.1203376	4123781.01019792	
302550.910031011	4123780.74869264	
302550.699463402	4123780.47609134	
302550.471413963	4123780.21500342	
302550.252235922	4123779.95370684	
302550.015837057	4123779.71501969	
302549.779699186	4123779.48742858	
302549.53468989	4123779.26004616	
302549.281070175	4123779.04396845	
302549.027711455	4123778.83898679	
302548.774613733	4123778.64510117	
302548.503512161	4123778.44053688	
302548.232149567	4123778.22487657	
302547.961308978	4123778.03140833	
302547.681335952	4123777.82705275	
302547.392491498	4123777.62290586	
302547.0859042	4123777.41917634	
302546.788971335	4123777.24852625	
302546.464641178	4123777.04521412	
302546.105086354	4123776.85383276	
302545.728049695	4123776.67396481	
302545.34188059	4123776.48320953	
302544.947623091	4123776.32595106	
302544.553365576	4123776.1686926	
302544.167979462	4123776.01122548	
302543.77398293	4123775.8650631	
302543.397729218	4123775.71848336	
302543.030868941	4123775.59388702	
302542.655137234	4123775.46949939	
302542.3065418	4123775.36667779	
302541.949596974	4123775.28625695	
302541.602045594	4123775.22781952	
302541.272759078	4123775.1911568	
302540.952343977	4123775.1542854	
302540.63245091	4123775.13960609	
302540.330300676	4123775.12450941	
302540.037543897	4123775.13139612	
302539.744787118	4123775.13828285	
302539.470034196	4123775.15584824	
302539.195542293	4123775.18450968	
302538.939054248	4123775.22384979	
302538.673694788	4123775.26339859	
302538.416945726	4123775.29164267	
302538.151847291	4123775.34228752	
302537.886487837	4123775.38183635	
302537.60338555	4123775.42180257	
302537.284797596	4123775.46260356	
302537.001956337	4123775.51366583	
302536.737379963	4123775.5865028	
302536.481675011	4123775.65913109	
302536.225970063	4123775.73175938	
302535.961915753	4123775.82678845	
302535.698122473	4123775.93291356	
302535.434590226	4123776.05013472	
302535.171057985	4123776.16735588	
302534.898654335	4123776.28478575	
302534.617379276	4123776.40242432	
302534.309751002	4123776.53178502	
302534.01151621	4123776.6831291	
302533.668924347	4123776.83551668	
302533.309111721	4123777.01051373	
302532.940688725	4123777.19681553	
302532.554522913	4123777.38353474	
302532.168618147	4123777.58135001	
302531.809588675	4123777.78963523	
302531.459691666	4123778.00880782	
302531.118405059	4123778.21667568	
302530.785989881	4123778.42433486	
302530.443920208	4123778.59891464	
302530.109938863	4123778.73999763	
302529.784828943	4123778.88087194	
302529.459719032	4123779.02174626	
302529.161484408	4123779.17309053	
302528.872382242	4123779.33532214	
302528.609894328	4123779.49692766	
302528.338273975	4123779.64764586	
302528.084657493	4123779.8090427	
302527.830518947	4123779.94824747	
302527.585512861	4123780.09833959	
302527.331635369	4123780.24864041	
302527.069147511	4123780.41024599	
302526.79778825	4123780.57206027	
302526.526690038	4123780.7449706	
302526.246720425	4123780.91808964	
302525.966489783	4123781.08011266	
302525.677909821	4123781.26453646	
302525.380458457	4123781.44916897	
302525.083007107	4123781.6338015	
302524.79416614	4123781.8071293	
302524.505586227	4123781.99155314	
302524.207873872	4123782.16508967	
302523.919293983	4123782.34951353	
302523.630453064	4123782.52284137	
302523.341873198	4123782.70726526	
302523.044160892	4123782.88080183	
302522.746187556	4123783.04324237	
302522.448736316	4123783.227875	
302522.133281227	4123783.40182901	
302521.81782615	4123783.57578304	
302521.511242496	4123783.74952837	
302521.204397808	4123783.91217768	
302520.915295949	4123784.07440958	
302520.6168006	4123784.21465813	
302520.345180533	4123784.3653766	
302520.064428021	4123784.50520775	
302519.810550789	4123784.65550882	
302519.547802157	4123784.8060186	
302519.284792488	4123784.94543236	
302519.030654234	4123785.08463741	
302518.767905629	4123785.23514722	
302518.496285626	4123785.38586575	
302518.23379809	4123785.54747161	
302517.988792327	4123785.69756402	
302517.699168487	4123785.83760397	
302517.410066758	4123785.999836	
302517.130097498	4123786.17295536	
302516.849606146	4123786.32388266	
302516.57798621	4123786.47460126	
302516.314976637	4123786.61401511	
302516.034746366	4123786.77603847	
302515.736512239	4123786.92738324	
302515.456020936	4123787.07831059	
302515.157786831	4123787.22965538	
302514.841809924	4123787.38141761	
302514.526094083	4123787.54427589	
302514.201506847	4123787.7073429	
302513.868309274	4123787.88171467	
302513.51710785	4123788.04540786	
302513.121810469	4123788.22124068	
302512.726513104	4123788.39707353	
302512.34008716	4123788.57269767	
302511.935657365	4123788.73764324	
302511.522356179	4123788.90279754	
302511.126797817	4123789.06753443	
302510.748982278	4123789.23185389	
302510.370383571	4123789.36288526	
302509.991784876	4123789.49391666	
302509.639278281	4123789.60212983	
302509.295120973	4123789.68794222	
302508.968706479	4123789.77333718	
302508.659773734	4123789.84721868	
302508.359712398	4123789.92089146	
302508.076871747	4123789.97195474	
302507.811251776	4123790.0004085	
302507.571984954	4123790.01714007	
302507.332457066	4123790.0227756	
302507.110933051	4123790.03908974	
302506.897497245	4123790.02190704	
302506.684061437	4123790.00472435	
302506.461754225	4123789.98775039	
302506.230053477	4123789.94879309	
302505.97147745	4123789.89936593	
302505.69463648	4123789.82816416	
302505.390920226	4123789.74649254	
302505.051457286	4123789.65455979	
302504.676508721	4123789.56346197	
302504.301299078	4123789.46126812	
302503.917218022	4123789.35928302	
302503.541486222	4123789.23489714	
302503.174103675	4123789.08811047	
302502.815592518	4123788.94111509	
302502.466213823	4123788.80500703	
302502.125184379	4123788.64649818	
302501.792765255	4123788.47668458	
302501.460346117	4123788.30687099	
302501.145669776	4123788.13663995	
302500.83073235	4123787.95531289	
302500.533537721	4123787.77356838	
302500.236082006	4123787.58072784	
302499.938626276	4123787.38788731	
302499.667262605	4123787.17222852	
302499.386766437	4123786.94568244	
302499.114880587	4123786.7078316	
302498.824468681	4123786.43711012	
302498.534317833	4123786.17748468	
302498.207637031	4123785.87431004	
302497.890349766	4123785.59311875	
302497.581933889	4123785.31171875	
302497.291260809	4123785.02990128	
302496.991716302	4123784.74829255	
302496.709914592	4123784.46626637	
302496.436723196	4123784.17293542	
302496.17266427	4123783.89049179	
302495.917215657	4123783.59674339	
302495.706124083	4123783.30195131	
302495.503903905	4123783.00695051	
302495.328036868	4123782.70022746	
302495.161302309	4123782.40439172	
302494.976824917	4123782.10897346	
302494.845314906	4123781.80120674	
302494.670753224	4123781.54996389	
302494.4875812	4123781.31002582	
302494.295276671	4123781.05920045	
302494.094100718	4123780.80858383	
302493.884053339	4123780.55817594	
302493.682616281	4123780.29646329	
302493.489789543	4123780.02344587	
302493.297223875	4123779.76152448	
302493.104397114	4123779.48850707	
302492.920702838	4123779.22637695	
302492.728137135	4123778.96445558	
302492.535049256	4123778.68034214	
302492.341961364	4123778.3962287	
302492.140002043	4123778.11232401	
302491.866549207	4123777.80789716	
302491.691204108	4123777.52336626	
302491.533601833	4123777.23841788	
302491.358256712	4123776.95388699	
302491.182650495	4123776.65826006	
302491.007305351	4123776.37372917	
302490.822566609	4123776.06721495	
302490.680096268	4123775.67088874	
302490.539714596	4123775.36333082	
302490.355236902	4123775.06791264	
302490.179891701	4123774.78338177	
302490.013417909	4123774.49864216	
302489.846421934	4123774.19171048	
302489.661160934	4123773.86300421	
302489.467028498	4123773.53450668	
302489.281506384	4123773.19470438	
302489.087112833	4123772.85511083	
302488.910723199	4123772.52619583	
302488.73459464	4123772.20837688	
302488.567859666	4123771.91254125	
302488.40138577	4123771.62780167	
302488.25265471	4123771.3426446	
302488.104184728	4123771.06858358	
302487.93797189	4123770.79494004	
302487.780891553	4123770.53218379	
302487.642076235	4123770.29120214	
302487.503521997	4123770.06131653	
302487.373839178	4123769.83122217	
302487.243634175	4123769.57893574	
302487.095425223	4123769.31597077	
302486.863984879	4123769.28811001	
302486.696988699	4123768.98117838	
302486.530514686	4123768.69643883	
302486.34525345	4123768.36773263	
302486.177735054	4123768.03860894	
302486.010738827	4123767.73167732	
302485.834871161	4123767.42495446	
302485.668136001	4123767.12911888	
302485.492790493	4123766.8445881	
302485.326055313	4123766.54875253	
302485.141316169	4123766.24223843	
302484.965448444	4123765.93551558	
302484.789580707	4123765.62879273	
302484.613974049	4123765.33316593	
302484.45611024	4123765.03712163	
302484.289897176	4123764.76347816	
302484.123684101	4123764.48983468	
302483.966342448	4123764.21598247	
302483.809000785	4123763.94213026	
302483.66966307	4123763.67895659	
302483.539196779	4123763.41557418	
302483.400120142	4123763.16349655	
302483.270437117	4123762.93340225	
302483.140492991	4123762.69221191	
302483.019681386	4123762.46190887	
302482.889998341	4123762.23181457	
302482.760576383	4123762.01281632	
302482.63976476	4123761.78251328	
302482.537479281	4123761.58508085	
302482.42606127	4123761.37676114	
302482.314643253	4123761.16844143	
302482.203225231	4123760.96012172	
302482.0920683	4123760.76289805	
302481.990043893	4123760.57656166	
302481.879148047	4123760.39043403	
302481.776601442	4123760.18190558	
302481.656050863	4123759.96269859	
302481.526367747	4123759.73260431	
302481.396423529	4123759.491414	
302481.301442858	4123759.22719662	
302481.172020819	4123759.00819838	
302481.05147021	4123758.7889914	
302480.940052129	4123758.58067171	
302480.836461096	4123758.32775912	
302480.607103341	4123758.01119281	
302480.522821749	4123757.82443894	
302480.411664741	4123757.62721529	
302480.291897387	4123757.44129643	
302480.188828517	4123757.21057592	
302480.041141348	4123756.96980313	
302479.884321633	4123756.71814306	
302479.736112251	4123756.4551782	
302479.597035398	4123756.20310063	
302479.448825999	4123755.94013577	
302479.318620571	4123755.68784945	
302479.188676235	4123755.44665917	
302479.067864431	4123755.21635618	
302478.947052621	4123754.98605318	
302478.764140713	4123754.75721146	
302478.626108204	4123754.54951805	
302478.514951114	4123754.35229442	
302478.376918591	4123754.14460102	
302478.26576149	4123753.94737739	
302478.163475828	4123753.74994501	
302478.06119016	4123753.55251264	
302477.875144999	4123753.19051849	
302477.773381519	4123753.01527819	
302477.587597435	4123752.66438008	
302477.384070449	4123752.31389949	
302477.272913303	4123752.11667587	
302477.161756153	4123751.91945226	
302477.050337897	4123751.71113261	
302476.908910984	4123751.35919075	
302476.815757809	4123751.17264567	
302476.72260463	4123750.98610059	
302476.620580001	4123750.79976426	
302476.518294267	4123750.6023319	
302476.397482329	4123750.37202894	
302476.267537838	4123750.1308387	
302476.137332237	4123749.87855243	
302476.016259178	4123749.63715344	
302475.895447215	4123749.40685048	
302475.774635245	4123749.17654753	
302475.654084373	4123748.95734062	
302475.542666046	4123748.74902099	
302475.422637368	4123748.55200615	
302475.30234758	4123748.34389528	
302475.181796686	4123748.12468837	
302475.052374335	4123747.90569022	
302474.922690874	4123747.67559603	
302474.802662168	4123747.4785812	
302474.691243803	4123747.27026158	
302474.571476189	4123747.08434279	
302474.460057813	4123746.87602318	
302474.330374322	4123746.645929	
302474.209301172	4123746.40453003	
302474.070485113	4123746.16354858	
302473.940540497	4123745.92235837	
302473.801985527	4123745.69247296	
302473.596108289	4123745.24212812	
302473.475557311	4123745.02292123	
302473.35526743	4123744.81481038	
302473.234977546	4123744.60669954	
302473.132952772	4123744.42036325	
302473.0311891	4123744.245123	
302472.911160305	4123744.0481082	
302472.790609294	4123743.82890132	
302472.66066461	4123743.58771113	
302472.512715905	4123743.33584242	
302472.373899753	4123743.09486099	
302472.235083593	4123742.85387957	
302472.096789639	4123742.63509022	
302471.967106027	4123742.40499607	
302471.846816076	4123742.19688525	
302471.735136469	4123741.97746962	
302471.615107616	4123741.78045483	
302471.503950213	4123741.58323129	
302471.392531697	4123741.37491171	
302471.281113176	4123741.16659212	
302471.134208823	4123740.95910758	
302471.031661749	4123740.75057925	
302470.920243212	4123740.54225967	
302470.808563562	4123740.32284406	
302470.696622798	4123740.09233241	
302470.558067654	4123739.86244705	
302470.427339527	4123739.58796878	
302470.296872501	4123739.32458655	
302470.157534008	4123739.06141308	
302470.027589185	4123738.82022293	
302469.906515814	4123738.57882401	
302469.785703547	4123738.34852114	
302469.664891272	4123738.11821827	
302469.552689342	4123737.87661059	
302469.422483375	4123737.62432441	
302469.282883721	4123737.35005492	
302469.134673708	4123737.08709023	
302468.986202576	4123736.8130295	
302468.837209213	4123736.51677671	
302468.679344379	4123736.22073267	
302468.5034755	4123735.91401013	
302468.336739181	4123735.61817487	
302468.179135426	4123735.33322688	
302468.030664236	4123735.05916617	
302467.882193036	4123734.78510546	
302467.725111476	4123734.52234956	
302467.585772834	4123734.25917613	
302467.446695296	4123734.00709873	
302467.30761775	4123733.75502134	
302467.168540197	4123733.50294396	
302467.020068945	4123733.22888326	
302466.88046915	4123732.9546138	
302466.731736767	4123732.66945708	
302466.583265488	4123732.39539639	
302466.434794201	4123732.1213357	
302466.295716597	4123731.86925833	
302466.156638986	4123731.61718096	
302466.01703914	4123731.34291151	
302465.886571866	4123731.07952934	
302465.747494231	4123730.82745198	
302465.616765828	4123730.55297377	
302465.468294479	4123730.2789131	
302465.319300894	4123729.98266036	
302465.179439881	4123729.69729489	
302465.039839976	4123729.42302546	
302464.891629707	4123729.16006084	
302464.76116237	4123728.89667869	
302464.613213199	4123728.6448101	
302464.465786252	4123728.41513359	
302464.318098182	4123728.17436105	
302464.169887871	4123727.91139644	
302464.03968161	4123727.65911033	
302463.900864987	4123727.41812903	
302463.762048355	4123727.17714772	
302463.614099129	4123726.92527916	
302463.466149893	4123726.67341059	
302463.308806944	4123726.39955872	
302463.15094175	4123726.10351478	
302462.984205072	4123725.80767961	
302462.817729502	4123725.52294048	
302462.65125392	4123725.23820136	
302462.476167972	4123724.96476704	
302462.327696437	4123724.69070642	
302462.160959705	4123724.39487126	
302461.957431471	4123724.044391	
302461.753903221	4123723.69391075	
302461.568379025	4123723.354109	
302461.37398334	4123723.01451602	
302461.179848759	4123722.68601908	
302460.99484676	4123722.36840941	
302460.818977345	4123722.06168701	
302460.632408599	4123721.67750113	
302460.317461219	4123721.11870146	
302460.293190251	4123720.84171808	
302460.14419634	4123720.54546542	
302459.977459459	4123720.24963031	
302459.810461447	4123719.94269916	
302459.662250869	4123719.67973461	
302459.513779159	4123719.40567404	
302459.356435961	4123719.13182223	
302459.189699028	4123718.83598713	
302459.022700963	4123718.529056	
302458.855964008	4123718.2332209	
302458.688965921	4123717.92628977	
302458.522228944	4123717.63045468	
302458.355230834	4123717.32352356	
302458.197365318	4123717.0274797	
302458.039760915	4123716.74253189	
302457.873546141	4123716.46888888	
302457.698459873	4123716.19545465	
302457.532506203	4123715.93290769	
302457.375424007	4123715.67015195	
302457.209470317	4123715.407605	
302457.043516617	4123715.14505804	
302456.895828126	4123714.90428562	
302456.747878502	4123714.65241716	
302456.582447024	4123714.41206229	
302456.416232162	4123714.13841931	
302456.249756165	4123713.85368029	
302456.092935019	4123713.60202062	
302455.918370891	4123713.3507785	
302455.743023376	4123713.06624827	
302455.540800261	4123712.77124833	
302455.356581236	4123712.48692688	
302455.208109275	4123712.21286637	
302455.068508793	4123711.93859709	
302454.929430557	4123711.68651989	
302454.790352313	4123711.43444268	
302454.651535187	4123711.19346152	
302454.504107693	4123710.96378517	
302454.365812807	4123710.74499608	
302454.236128278	4123710.51490218	
302454.097833378	4123710.29611309	
302453.932140619	4123710.04466223	
