302439.205316511	4123689.64126825	
302439.423716859	4123689.86927403	
302439.688041624	4123690.16281208	
302439.842513352	4123690.31460715	
302440.014989241	4123690.47708067	
302440.187203979	4123690.62845817	
302440.377422878	4123690.79051412	
302440.567641769	4123690.95257008	
302440.757077222	4123691.08133793	
302440.946512668	4123691.21010578	
302441.144558476	4123691.32756881	
302441.342081992	4123691.42283978	
302441.521862483	4123691.51852832	
302441.710775622	4123691.62510412	
302441.899688757	4123691.73167992	
302442.079730376	4123691.83846452	
302442.268382359	4123691.93394429	
302442.448162828	4123692.02963286	
302442.636814802	4123692.12511264	
302442.932447166	4123692.24027905	
302443.218685731	4123692.33346218	
302443.477787481	4123692.40507961	
302443.745238456	4123692.45429618	
302444.012950566	4123692.5146088	
302444.324497939	4123692.55168543	
302444.547069079	4123692.57975389	
302444.778772866	4123692.61870961	
302445.019087022	4123692.6463605	
302445.27740533	4123692.68468988	
302445.53520136	4123692.70082719	
302445.801868896	4123692.71675572	
302446.068536433	4123692.73268426	
302446.36129622	4123692.72579438	
302446.654056006	4123692.71890452	
302446.964558811	4123692.71159709	
302447.275061616	4123692.70428968	
302447.595219333	4123692.73006161	
302447.915115913	4123692.74473751	
302448.226924384	4123692.79291032	
302448.538993985	4123692.85217917	
302448.842714339	4123692.93384889	
302449.129213936	4123693.03812826	
302449.380488624	4123693.15433879	
302449.605409915	4123693.28227171	
302449.813110445	4123693.43281427	
302449.985063807	4123693.57309592	
302450.139274147	4123693.71379513	
302450.330276169	4123693.90913941	
302450.494924792	4123694.11620607	
302450.623826248	4123694.31301181	
302450.735245817	4123694.52133114	
302450.891806305	4123694.7618947	
302451.012097367	4123694.97000526	
302451.160047463	4123695.22187363	
302451.28921002	4123695.42977542	
302451.418633698	4123695.64877324	
302451.529269842	4123695.82380448	
302451.640428241	4123696.0210278	
302451.8069047	4123696.30576673	
302451.946244377	4123696.56893993	
302452.066535391	4123696.7770505	
302452.205352794	4123697.01803164	
302452.427930656	4123697.42357432	
302452.558398794	4123697.6869563	
302452.697477299	4123697.93903348	
302452.827423165	4123698.18022339	
302452.957369024	4123698.42141331	
302453.078182245	4123698.65171597	
302453.254574623	4123698.9806303	
302453.365994072	4123699.18894967	
302453.476891261	4123699.37507697	
302453.6433676	4123699.65981594	
302453.791578671	4123699.92278039	
302453.93039598	4123700.16376154	
302454.06921328	4123700.4047427	
302454.189504193	4123700.61285331	
302454.337715233	4123700.87581777	
302454.467399886	4123701.10591167	
302454.578297028	4123701.29203898	
302454.69832679	4123701.48905355	
302454.819401052	4123701.73045227	
302454.921165554	4123701.90569233	
302455.088164051	4123702.21262339	
302455.208977167	4123702.44292608	
302455.394240891	4123702.77163168	
302455.515053991	4123703.00193437	
302455.643955207	4123703.19874018	
302455.746241927	4123703.39617232	
302455.893930624	4123703.63694473	
302456.014743701	4123703.86724743	
302456.172087254	4123704.14109918	
302456.282723199	4123704.31613047	
302456.403275131	4123704.53533714	
302456.51417219	4123704.72146447	
302456.643595607	4123704.94046237	
302456.736749666	4123705.12700725	
302456.875044566	4123705.34579638	
302457.004990212	4123705.58698635	
302457.106754628	4123705.76222643	
302457.254704374	4123706.0140949	
302457.36586252	4123706.21131828	
302457.504157388	4123706.43010742	
302457.64349674	4123706.6932807	
302457.791185333	4123706.93405314	
302457.930002424	4123707.17503436	
302458.068558385	4123707.40491954	
302458.198242847	4123707.63501349	
302458.328188425	4123707.87620349	
302458.44900138	4123708.10650622	
302458.560681719	4123708.32592168	
302458.728202213	4123708.65504489	
302458.849015149	4123708.88534762	
302458.988615546	4123709.15961696	
302459.127954812	4123709.42279027	
302459.341138322	4123709.80634981	
302459.480738689	4123710.08061916	
302459.619555685	4123710.3216004	
302459.805863564	4123710.69469023	
302459.954074272	4123710.95765477	
302460.092891243	4123711.19863602	
302460.223097838	4123711.45092208	
302460.353043306	4123711.6921121	
302460.482988767	4123711.93330212	
302460.603801613	4123712.16360488	
302460.724353336	4123712.3828116	
302460.854037658	4123712.61290559	
302460.983983092	4123712.85409562	
302461.104795914	4123713.08439839	
302461.234480216	4123713.31449239	
302461.373819352	4123713.57766573	
302461.522813322	4123713.87391841	
302461.679895412	4123714.13667421	
302461.828628244	4123714.42183086	
302462.042072636	4123714.8164865	
302462.172540242	4123715.07986862	
302462.329883409	4123715.35372047	
302462.543327758	4123715.74837613	
302462.673534218	4123716.00066221	
302462.812873271	4123716.26383557	
302462.952212316	4123716.52700894	
302463.082418754	4123716.77929503	
302463.22123555	4123717.02027633	
302463.361096803	4123717.30564177	
302463.518962128	4123717.60168571	
302463.75093268	4123718.02921197	
302463.899665382	4123718.31436865	
302464.047875843	4123718.57733326	
302464.187214817	4123718.84050664	
302464.326292667	4123719.09258399	
302464.473980874	4123719.33335653	
302464.669159845	4123719.70623769	
302464.80771544	4123719.93612297	
302464.94653214	4123720.17710429	
302465.09526477	4123720.46226099	
302465.252607753	4123720.73611289	
302465.4837948	4123721.13035108	
302465.632005169	4123721.39331572	
302465.863453296	4123721.79864995	
302466.01140253	4123722.05051856	
302466.159873981	4123722.32457924	
302466.373056882	4123722.70813894	
302466.529877562	4123722.95979879	
302466.659822694	4123723.2009889	
302466.807771882	4123723.45285752	
302467.020693618	4123723.8253212	
302467.224221638	4123724.17580157	
302467.363038207	4123724.41678292	
302467.501854769	4123724.65776428	
302467.640410214	4123724.8876496	
302467.761222703	4123725.11795245	
302467.899778133	4123725.34783778	
302468.112438667	4123725.70920545	
302468.324838073	4123726.05947708	
302468.473048277	4123726.32244176	
302468.639784746	4123726.61827703	
302468.797388622	4123726.90322503	
302468.946121016	4123727.18838179	
302469.085720822	4123727.46265128	
302469.290554223	4123727.86861188	
302469.504520185	4123728.28545977	
302469.709092441	4123728.68032434	
302469.839298514	4123728.93261053	
302469.969504578	4123729.18489672	
302470.081706589	4123729.42650439	
302470.202518957	4123729.65680728	
302470.341596469	4123729.90888471	
302470.481457297	4123730.19425026	
302470.639061052	4123730.47919829	
302470.870769826	4123730.89562868	
302471.018979875	4123731.1585934	
302471.166928808	4123731.41046209	
302471.314616626	4123731.65123474	
302471.518405406	4123732.01281125	
302471.758202245	4123732.39574479	
302471.906151137	4123732.64761349	
302472.062971486	4123732.89927343	
302472.210398148	4123733.12895007	
302472.375828839	4123733.36930522	
302472.532910267	4123733.63206121	
302472.763313345	4123733.99301146	
302472.993977507	4123734.36505776	
302473.141404122	4123734.59473441	
302473.288830729	4123734.82441106	
302473.427124762	4123735.04320043	
302473.584206129	4123735.30595643	
302473.741287486	4123735.56871244	
302473.898368835	4123735.83146845	
302474.046317609	4123736.08333719	
302474.194266374	4123736.33520592	
302474.333082568	4123736.57618738	
302474.462766188	4123736.80628156	
302474.592710906	4123737.04747178	
302474.713261951	4123737.26667868	
302474.833812989	4123737.48588558	
302474.936621103	4123737.70551	
302475.057433232	4123737.93581295	
302475.234346237	4123738.28691976	
302475.355158352	4123738.51722271	
302475.4668379	4123738.73663837	
302475.633835007	4123739.0435698	
302475.74525344	4123739.25188944	
302475.847539308	4123739.44932179	
302475.958435528	4123739.63544936	
302476.060460285	4123739.82178568	
302476.171356496	4123740.00791324	
302476.291907463	4123740.22712017	
302476.403325865	4123740.43543981	
302476.523615719	4123740.6435507	
302476.635034111	4123740.85187034	
302476.773589068	4123741.0817558	
302476.903272561	4123741.31185001	
302477.024084593	4123741.54215298	
302477.144635518	4123741.76135992	
302477.256314981	4123741.9807756	
302477.376865895	4123742.19998254	
302477.497677902	4123742.43028552	
302477.609357349	4123742.64970121	
302477.72103679	4123742.8691169	
302477.832194028	4123743.06634053	
302477.934479807	4123743.2637729	
302478.082950542	4123743.53783377	
302478.184714113	4123743.71307408	
302478.35066664	4123743.97562141	
302478.46182385	4123744.17284504	
302478.572719956	4123744.35897263	
302478.683616058	4123744.54510023	
302478.878532795	4123744.90688565	
302479.054662221	4123745.22470442	
302479.231052732	4123745.55361924	
302479.407443229	4123745.88253406	
302479.592444067	4123746.20014409	
302479.703340125	4123746.3862717	
302479.814497276	4123746.58349535	
302479.925654421	4123746.78071899	
302480.036811561	4123746.97794264	
302480.147968697	4123747.17516629	
302480.268258374	4123747.38327723	
302480.379154403	4123747.56940485	
302480.490311524	4123747.7666285	
302480.592597191	4123747.9640609	
302480.731151935	4123748.19394642	
302480.869967768	4123748.43492798	
302480.999389954	4123748.65392621	
302481.138466868	4123748.9060038	
302481.286415222	4123749.15787265	
302481.425492119	4123749.40995025	
302481.573179362	4123749.65072307	
302481.703123702	4123749.89191338	
302481.851072023	4123750.14378224	
302481.989887796	4123750.38476381	
302482.119832114	4123750.62595413	
302482.249515332	4123750.85604842	
302482.361455652	4123751.08656021	
302482.481745225	4123751.29467117	
302482.602556978	4123751.52497421	
302482.788079774	4123751.86477638	
302482.899758975	4123752.08419214	
302483.011699263	4123752.31470393	
302483.197222026	4123752.65450611	
302483.317511557	4123752.86261709	
302483.438323269	4123753.09292014	
302483.577661138	4123753.35609381	
302483.725348257	4123753.59686666	
302483.873296459	4123753.84873554	
302484.003240677	4123754.08992589	
302484.150927773	4123754.33069875	
302484.299398135	4123754.60475972	
302484.447346304	4123754.85662861	
302484.595294466	4123755.10849751	
302484.734371178	4123755.36057516	
302484.864054261	4123755.59066949	
302484.993737336	4123755.82076381	
302485.114548964	4123756.05106688	
302485.226228056	4123756.27048266	
302485.337646053	4123756.47880241	
302485.448802953	4123756.67602613	
302485.551349501	4123756.88455462	
302485.663028572	4123757.10397041	
302485.774707638	4123757.3233862	
302485.932832608	4123757.63052656	
302486.043989482	4123757.82775028	
302486.137142385	4123758.01429545	
302486.230295285	4123758.20084063	
302486.32344818	4123758.3873858	
302486.443998651	4123758.60659286	
302486.555677679	4123758.82600866	
302486.676228139	4123759.04521571	
302486.796256415	4123759.24223069	
302486.90741325	4123759.43945442	
302487.083281017	4123759.74617731	
302487.212441799	4123759.9540796	
302487.397703157	4123760.28278582	
302487.527125011	4123760.50178415	
302487.656285772	4123760.70968643	
302487.859812142	4123761.06016726	
302487.971491106	4123761.27958307	
302488.101174019	4123761.50967744	
302488.277041704	4123761.81640035	
302488.443776857	4123762.11223597	
302488.546062186	4123762.30966847	
302488.648347512	4123762.50710096	
302488.750110658	4123762.68234138	
302488.861789579	4123762.9017572	
302488.982862101	4123763.14315636	
302489.103673529	4123763.37345949	
302489.298850522	4123763.74634115	
302489.438449139	4123764.02061094	
302489.568915232	4123764.28399344	
302489.772963617	4123764.65666638	
302489.893775005	4123764.88696951	
302490.023718901	4123765.12815994	
302490.144530277	4123765.35846308	
302490.293000274	4123765.63252414	
302490.440948092	4123765.88439314	
302490.653867834	4123766.25685735	
302490.801293464	4123766.48653427	
302490.931237312	4123766.72772472	
302491.135024502	4123767.08930165	
302491.273839762	4123767.33028335	
302491.403261419	4123767.54928173	
302491.542076664	4123767.79026344	
302491.671759392	4123768.02035786	
302491.801442112	4123768.25045228	
302491.921992317	4123768.4696594	
302492.098120817	4123768.78747842	
302492.209277416	4123768.98470222	
302492.3298276	4123769.20390934	
302492.459249205	4123769.42290774	
302492.635899831	4123769.76291884	
302492.74757857	4123769.98233471	
302492.90570308	4123770.28947519	
302492.999116795	4123770.48711647	
302493.110273354	4123770.68434027	
302493.25039391	4123770.98080219	
302493.380337629	4123771.22199267	
302493.510020258	4123771.45208711	
302493.621698956	4123771.67150299	
302493.806959836	4123772.00020934	
302493.983088201	4123772.3180284	
302494.103899377	4123772.54833159	
302494.298031644	4123772.87682921	
302494.482770315	4123773.1833435	
302494.60253715	4123773.36926255	
302494.723087217	4123773.58846971	
302494.8707737	4123773.82924273	
302495.009588754	4123774.0702245	
302495.148142721	4123774.30011023	
302495.304439523	4123774.52957849	
302495.45290921	4123774.80363963	
302495.60972815	4123775.05529997	
302495.757675663	4123775.30716905	
302495.970333881	4123775.66853734	
302496.182469925	4123776.00771357	
302496.312152414	4123776.23780805	
302496.432441324	4123776.4459192	
302496.561601645	4123776.65382161	
302496.681629466	4123776.85083672	
302496.801657281	4123777.04785184	
302496.921162938	4123777.22267488	
302497.040929665	4123777.40859395	
302497.160696389	4123777.59451303	
302497.29820594	4123777.78001465	
302497.473028685	4123778.04235359	
302497.710212407	4123778.31432743	
302497.864942615	4123778.47721952	
302498.028805308	4123778.6509989	
302498.201800486	4123778.8356656	
302498.392799562	4123779.03101087	
302498.565272575	4123779.1934855	
302498.73826773	4123779.37815221	
302498.928744633	4123779.55130542	
302499.119221526	4123779.72445863	
302499.318308754	4123779.88630708	
302499.516873826	4123780.02596345	
302499.706567477	4123780.16582857	
302499.887128635	4123780.29480638	
302500.112307929	4123780.43383658	
302500.328876874	4123780.58417156	
302500.536052253	4123780.71252319	
302500.761492596	4123780.86264944	
302500.986932932	4123781.0127757	
302501.230638227	4123781.18467658	
302501.492086338	4123781.35616	
302501.753795509	4123781.53873947	
302502.014982527	4123781.69912688	
302502.258687782	4123781.87102778	
302502.510742297	4123782.0205279	
302502.772190356	4123782.19201136	
302503.042248744	4123782.35219006	
302503.294825369	4123782.52388227	
302503.564622668	4123782.67296496	
302503.834681026	4123782.83314369	
302504.104217237	4123782.97113035	
302504.373492372	4123783.09802099	
302504.64250643	4123783.2138156	
302504.902388005	4123783.31872291	
302505.162008505	4123783.41253419	
302505.412496522	4123783.49545816	
302505.654113126	4123783.57859087	
302505.877725836	4123783.651045	
302506.109948889	4123783.71219437	
302506.377918641	4123783.78360489	
302506.779742728	4123783.88517266	
302507.065455288	4123783.95616575	
302507.350906778	4123784.01606282	
302507.618354382	4123784.0652813	
302507.894151264	4123784.092099	
302508.151944265	4123784.10823811	
302508.418608671	4123784.12416851	
302508.676662729	4123784.15140368	
302508.934455724	4123784.16754281	
302509.387941844	4123784.20128216	
302509.707573639	4123784.20486424	
302510.018072962	4123784.19755901	
302510.311090527	4123784.20176727	
302510.612718441	4123784.19467078	
302510.896603537	4123784.18799175	
302511.294772717	4123784.13421523	
302511.560392879	4123784.10576158	
302511.940036074	4123784.01911442	
302512.178519897	4123783.96909487	
302512.41648161	4123783.89688326	
302512.689928962	4123783.82383679	
302512.962854208	4123783.72859825	
302513.227169106	4123783.64466447	
302513.491484008	4123783.56073071	
302513.738056095	4123783.47721438	
302513.975495721	4123783.38281075	
302514.248159938	4123783.27647621	
302514.529695573	4123783.16993298	
302514.820102624	4123783.06318103	
302515.083373344	4123782.93486317	
302515.487542428	4123782.75882174	
302515.751074219	4123782.64159993	
302516.005473555	4123782.51349082	
302516.251001487	4123782.38559043	
302516.478525552	4123782.24701143	
302516.706310675	4123782.11952848	
302516.925485446	4123782.00335028	
302517.144399171	4123781.87607606	
302517.441850357	4123781.69144324	
302517.651892686	4123781.56437774	
302517.949343892	4123781.37974494	
302518.256188621	4123781.21709552	
302518.457359562	4123781.09023875	
302518.667662969	4123780.97426931	
302518.965375266	4123780.80073259	
302519.157935861	4123780.68518059	
302519.350757511	4123780.58072463	
302519.561060942	4123780.46475521	
302519.859295368	4123780.3134106	
302520.060727398	4123780.19764991	
302520.411407183	4123780.01176494	
302520.770958395	4123779.82567128	
302521.025096841	4123779.68646629	
302521.402390907	4123779.49995524	
302521.753070749	4123779.31407034	
302521.971984612	4123779.18679624	
302522.191159527	4123779.07061819	
302522.427816232	4123778.94292669	
302522.6642119	4123778.80413917	
302522.883386834	4123778.68796114	
302523.207452494	4123778.50270241	
302523.540650626	4123778.32833103	
302523.759564542	4123778.20105699	
302523.969607048	4123778.07399166	
302524.171039185	4123777.95823107	
302524.37247133	4123777.84247049	
302524.652441016	4123777.66935138	
302524.862483548	4123777.54228608	
302525.169067503	4123777.36854088	
302525.396591843	4123777.22996214	
302525.633248645	4123777.10227073	
302525.852162622	4123776.97499675	
302526.079948021	4123776.84751406	
302526.299123049	4123776.73133612	
302526.675895281	4123776.52263325	
302527.079281781	4123776.31330429	
302527.359773644	4123776.16237736	
302527.622783719	4123776.02296387	
302527.903275601	4123775.87203695	
302528.166024659	4123775.72152745	
302528.428773724	4123775.57101796	
302528.805546057	4123775.36231518	
302529.173446991	4123775.15382113	
302529.401232487	4123775.02633854	
302529.628756956	4123774.88775992	
302529.856542464	4123774.76027734	
302530.066585145	4123774.63321217	
302530.276888863	4123774.51724304	
302530.565991225	4123774.35501148	
302530.767162506	4123774.22815502	
302530.98607663	4123774.10088118	
302531.196119342	4123773.97381603	
302531.41503348	4123773.8465422	
302531.756320281	4123773.63867436	
302531.966363016	4123773.51160923	
302532.176405756	4123773.38454411	
302532.413062762	4123773.25685291	
302532.649980806	4123773.14025775	
302532.878549493	4123773.04606337	
302533.098246764	4123772.95207769	
302533.309333648	4123772.86939674	
302533.529030929	4123772.77541107	
302533.854402175	4123772.64563296	
302534.074621521	4123772.57383937	
302534.277359057	4123772.51355922	
302534.49757841	4123772.44176564	
302534.726669187	4123772.36976338	
302534.947149574	4123772.30906586	
302535.158758542	4123772.24857703	
302535.450210301	4123772.18620997	
302535.750011433	4123772.10144216	
302536.111912518	4123772.01521351	
302536.518431739	4123771.93903745	
302536.915818522	4123771.85197406	
302537.198920929	4123771.81200783	
302537.659190739	4123771.75677175	
302537.968646393	4123771.70508343	
302538.260620228	4123771.66490854	
302538.685404366	4123771.61050728	
302538.950502921	4123771.55986245	
302539.188465174	4123771.48765162	
302539.408684589	4123771.41585818	
302539.610639123	4123771.32229005	
302539.873910555	4123771.193973	
302540.119700171	4123771.07716937	
302540.312783298	4123770.98380995	
302540.540569062	4123770.85632767	
302540.794447063	4123770.70602726	
302541.07467832	4123770.54400477	
302541.372130399	4123770.35937284	
302541.809959151	4123770.10482573	
302542.080796992	4123769.92081989	
302542.342502405	4123769.7259267	
302542.613340269	4123769.54192088	
302542.857563874	4123769.35854112	
302543.110397898	4123769.16385665	
302543.363492949	4123768.98026822	
302543.607455571	4123768.78579245	
302543.842807796	4123768.60262141	
302544.069288605	4123768.41965905	
302544.322122686	4123768.22497462	
302544.592699626	4123768.02987283	
302544.85388313	4123767.81278766	
302545.11532766	4123767.60679853	
302545.385643627	4123767.40060074	
302545.647088181	4123767.19461163	
302545.908532749	4123766.98862253	
302546.152756498	4123766.80524287	
302546.405590674	4123766.6105585	
302546.649814446	4123766.42717886	
302547.007278696	4123766.1523181	
302547.251763503	4123765.98003451	
302547.6094888	4123765.71626981	
302547.836491786	4123765.55549963	
302548.072105199	4123765.38342475	
302548.403999288	4123765.15357423	
302548.727021966	4123764.9239324	
302548.927671716	4123764.77488433	
302549.137714916	4123764.64781965	
302549.469870068	4123764.42906521	
302549.679130265	4123764.26871245	
302549.888912483	4123764.13055176	
302550.211674235	4123763.88981395	
302550.534697009	4123763.6601722	
302550.753089679	4123763.51070682	
302550.988964213	4123763.34972806	
302551.207095895	4123763.18916666	
302551.460191298	4123763.00557849	
302551.721897139	4123762.81068562	
302551.983602991	4123762.61579276	
302552.236698428	4123762.43220462	
302552.498665307	4123762.24840781	
302552.743411339	4123762.08722042	
302552.99702881	4123761.92582438	
302553.250646291	4123761.76442833	
302553.48678192	4123761.61454568	
302553.731788989	4123761.46445437	
302553.959575204	4123761.33697248	
302554.187100426	4123761.19839456	
302554.414886653	4123761.07091268	
302554.642933887	4123760.95452684	
302554.853238263	4123760.83855835	
302555.072675076	4123760.73347723	
302555.274369029	4123760.62881346	
302555.476062987	4123760.5241497	
302555.668885518	4123760.41969461	
302555.85283662	4123760.3154482	
302556.054530593	4123760.21078445	
302556.264835006	4123760.094816	
302556.48374986	4123759.96754285	
302556.755632323	4123759.82792165	
302557.044474673	4123759.65459502	
302557.3244456	4123759.48147706	
302557.604677535	4123759.31945515	
302557.866905617	4123759.14675455	
302558.129394706	4123758.98515	
302558.383273363	4123758.83485016	
302558.628541588	4123758.69585503	
302558.864938389	4123758.55706857	
302559.11020663	4123758.41807345	
302559.35547488	4123758.27907835	
302559.600743137	4123758.14008324	
302559.828529525	4123758.01260152	
302560.047705476	4123757.8964245	
302560.292973756	4123757.75742942	
302560.538503034	4123757.62953038	
302560.924148349	4123757.42062046	
302561.178549082	4123757.29251277	
302561.423817396	4123757.15351773	
302561.669346707	4123757.02561872	
302562.019767322	4123756.82863955	
302562.387930825	4123756.63124305	
302562.633199177	4123756.49224805	
302562.974487411	4123756.28438154	
302563.20201291	4123756.14580387	
302563.430060389	4123756.02941829	
302563.666457339	4123755.89063197	
302563.893982859	4123755.75205433	
302564.130379822	4123755.61326803	
302564.366776794	4123755.47448174	
302564.603173773	4123755.33569545	
302564.865663102	4123755.17409112	
302565.145895316	4123755.01206947	
302565.40864565	4123754.86156119	
302565.680267431	4123754.71084426	
302565.934407328	4123754.57164069	
302566.188547234	4123754.43243713	
302566.434076692	4123754.30453827	
302566.670734719	4123754.17684808	
302566.898782297	4123754.06046259	
302567.126829881	4123753.94407711	
302567.346267013	4123753.83899633	
302567.556832712	4123753.73412421	
302567.758526977	4123753.62946075	
302567.960221246	4123753.5247973	
302568.153305063	4123753.43143855	
302568.416838437	4123753.31421847	
302568.64462508	4123753.186737	
302568.934250828	4123753.0466989	
302569.206655664	4123752.92927019	
302569.408349967	4123752.82460678	
302569.592562374	4123752.73145672	
302569.767642365	4123752.62741928	
302569.952115759	4123752.54536526	
302570.15381008	4123752.44070187	
302570.460656801	4123752.27805444	
302570.662612112	4123752.18448709	
302570.908141699	4123752.05658837	
302571.390329453	4123751.80099961	
302571.705786685	4123751.62704754	
302572.012372488	4123751.45330414	
302572.310086864	4123751.2797694	
302572.748178467	4123751.03632002	
302573.177398655	4123750.79307931	
302573.440149254	4123750.64257129	
302573.702899863	4123750.49206329	
302573.957040011	4123750.35285997	
302574.202308726	4123750.21386532	
302574.447838419	4123750.08596671	
302574.684496678	4123749.95827675	
302574.912544473	4123749.84189149	
302575.13172083	4123749.72571489	
302575.359768636	4123749.60932964	
302575.587816448	4123749.49294439	
302575.816125237	4123749.38765519	
302576.061654977	4123749.25975663	
302576.316056168	4123749.13164943	
302576.702224176	4123748.94493233	
302577.088392199	4123748.75821525	
302577.47456024	4123748.57149818	
302577.746704361	4123748.44297373	
302578.114868572	4123748.24557796	
302578.342916456	4123748.1291928	
302578.57070338	4123748.0017116	
302578.895032338	4123747.82755117	
302579.105598319	4123747.72267935	
302579.307292861	4123747.61801619	
302579.553083668	4123747.50121377	
302579.974476632	4123747.30256621	
302580.28158468	4123747.15101519	
302580.73846346	4123746.95153309	
302581.028611533	4123746.8336875	
302581.309888167	4123746.71605055	
302581.732064094	4123746.55069119	
302582.039955085	4123746.43242834	
302582.374199461	4123746.30244354	
302582.708704808	4123746.18355479	
302583.184370424	4123746.02803968	
302583.685867519	4123745.83861058	
302584.020633859	4123745.73081792	
302584.505170968	4123745.57509425	
302584.981097605	4123745.43067528	
302585.307253485	4123745.33418734	
302585.871633663	4123745.176586	
302586.074372167	4123745.11630714	
302586.462628201	4123745.01835878	
302586.842012796	4123744.92061908	
302587.398043485	4123744.78541854	
302587.95407419	4123744.65021805	
302588.324587367	4123744.55268705	
302588.677618608	4123744.46666937	
302589.040043209	4123744.40263514	
302589.375592517	4123744.3281308	
302589.720274232	4123744.26451387	
302590.047213053	4123744.20131423	
302590.37415188	4123744.1381146	
302590.709962158	4123744.07470634	
302591.063515336	4123744.01088084	
302591.558489796	4123743.92152515	
302591.86820764	4123743.88093491	
302592.195407437	4123743.82883139	
302592.7613535	4123743.73780672	
302593.115167651	4123743.68507734	
302593.459849409	4123743.62146056	
302593.804531174	4123743.5578438	
302594.140602438	4123743.50553172	
302594.476673705	4123743.45321966	
302594.768387733	4123743.40195075	
302595.086977054	4123743.361152	
302595.396433985	4123743.30946586	
302595.714762368	4123743.2575711	
302596.024480249	4123743.21698101	
302596.333937188	4123743.16529491	
302596.626434059	4123743.14731417	
302596.90979854	4123743.11844603	
302597.210905922	4123743.08916065	
302597.529756202	4123743.05945803	
302597.831385466	4123743.05236474	
302598.150757629	4123743.04485421	
302598.487872689	4123743.03692644	
302598.816377239	4123743.04030334	
302599.14462085	4123743.03258422	
302599.68630111	4123743.04205021	
302600.032809491	4123743.05610594	
302600.370185485	4123743.05927428	
302600.858897981	4123743.08108811	
302601.196534908	4123743.09535252	
302601.525300385	4123743.10982556	
302602.014273805	4123743.1427355	
302602.307814415	4123743.16913909	
302602.609965538	4123743.18423804	
302603.081456983	4123743.22866131	
302603.446230106	4123743.26449201	
302603.819874673	4123743.30011411	
302604.184647789	4123743.33594485	
302604.5494209	4123743.3717756	
302604.896190178	4123743.39692757	
302605.243220384	4123743.43317558	
302605.749675724	4123743.45457246	
302606.069830648	4123743.48035034	
302606.398596089	4123743.49482357	
302606.780851145	4123743.51914115	
302607.171716716	4123743.5321541	
302607.562843213	4123743.55626309	
302608.123310001	4123743.60969652	
302608.67490533	4123743.6633386	
302609.022457351	4123743.72177884	
302609.538827797	4123743.78735147	
302610.073202054	4123743.86360293	
302610.411621682	4123743.91115581	
302610.902682376	4123744.03283452	
302611.215009495	4123744.10320534	
302611.52759753	4123744.18467219	
302611.822181742	4123744.25546025	
302612.143641211	4123744.33671852	
302612.474233042	4123744.42886422	
302612.795953419	4123744.52121855	
302613.10880234	4123744.6137815	
302613.448265593	4123744.70571863	
302613.769985946	4123744.79807299	
302614.091706291	4123744.89042736	
302614.395944654	4123744.994295	
302614.717404064	4123745.07555337	
302615.030252941	4123745.16811639	
302615.342840892	4123745.24958338	
302615.646296472	4123745.32016296	
302615.968016772	4123745.41251741	
302616.414459135	4123745.52414344	
302616.709304164	4123745.6060277	
302617.004149188	4123745.68791197	
302617.290122761	4123745.77000485	
302617.692207857	4123745.88267398	
302618.148304354	4123746.0273796	
302618.452281704	4123746.12015134	
302618.75651996	4123746.22401914	
302619.04301532	4123746.32830415	
302619.455015456	4123746.48514889	
302619.714635551	4123746.57896369	
302619.992520352	4123746.69455337	
302620.422785159	4123746.87317302	
302620.691798495	4123746.98897132	
302621.104320385	4123747.1680082	
302621.373594611	4123747.29490256	
302621.642868829	4123747.42179693	
302622.028776345	4123747.60145966	
302622.29831145	4123747.73945008	
302622.693351288	4123747.93000027	
302622.954014929	4123748.06819931	
302623.241553795	4123748.21686859	
302623.528831744	4123748.35444185	
302623.798888613	4123748.51462438	
302624.068423658	4123748.65261485	
302624.446242337	4123748.86577439	
302624.824060996	4123749.07893394	
302625.084985469	4123749.22822908	
302625.381917506	4123749.3988819	
302625.66997809	4123749.56974333	
302625.948906318	4123749.72971733	
302626.236966878	4123749.90057878	
302626.687322382	4123750.17864584	
302626.984515255	4123750.36039475	
302627.263704331	4123750.53146483	
302627.686923644	4123750.78796566	
302627.957241253	4123750.95924435	
302628.218165608	4123751.10853958	
302628.479611756	4123751.28002689	
302628.848819659	4123751.50449124	
302629.191674127	4123751.74067742	
302629.417373583	4123751.90190309	
302629.642812129	4123752.05203274	
302629.949919901	4123752.27795728	
302630.166747889	4123752.43939157	
302630.410972877	4123752.63348818	
302630.645804618	4123752.80560132	
302630.880636351	4123752.97771447	
302631.106857535	4123753.16113225	
302631.350821582	4123753.34413286	
302631.586175079	4123753.53843809	
302631.812657127	4123753.73295192	
302632.029745938	4123753.90548228	
302632.4007799	4123754.20761902	
302632.645265678	4123754.41281172	
302632.88949055	4123754.6069084	
302633.251392119	4123754.89815773	
302633.477613198	4123755.08157557	
302633.703573375	4123755.25389738	
302633.920662106	4123755.42642779	
302634.129140288	4123755.61026282	
302634.328486134	4123755.78321042	
302634.52757108	4123755.94506198	
302634.735788342	4123756.11780099	
302634.962531143	4123756.32341094	
302635.179880713	4123756.50703741	
302635.506035497	4123756.78802514	
302635.714774503	4123756.98295625	
302635.932645823	4123757.1887748	
302636.241318583	4123757.48127577	
302636.4320538	4123757.66552803	
302636.631660442	4123757.84957171	
302636.804652779	4123758.03424115	
302637.113325478	4123758.32674214	
302637.304582437	4123758.53318649	
302637.495578496	4123758.7285348	
302637.768765426	4123759.02187016	
302637.968893783	4123759.22810593	
302638.187808546	4123759.47830867	
302638.406462407	4123759.71741539	
302638.743314606	4123760.07586689	
302638.944225579	4123760.31539078	
302639.154007969	4123760.5547061	
302639.491381878	4123760.93534969	
302639.710296553	4123761.18555247	
302639.929472101	4123761.44685129	
302640.148647637	4123761.70815011	
302640.468017715	4123762.07811487	
302640.668928594	4123762.31763881	
302640.878450002	4123762.54585813	
302641.179294512	4123762.88295198	
302641.370812156	4123763.10049244	
302641.644259697	4123763.40492395	
302641.844909628	4123763.63335187	
302642.054691856	4123763.87266725	
302642.255863532	4123764.12328726	
302642.557229699	4123764.48257322	
302642.758401346	4123764.73319323	
302642.950701558	4123764.98402182	
302643.134130335	4123765.235059	
302643.317037337	4123765.46390412	
302643.482723247	4123765.71535846	
302643.665891112	4123765.95529962	
302643.850363375	4123766.25072095	
302644.034052981	4123766.51285418	
302644.209132036	4123766.78629202	
302644.39256074	4123767.03732923	
302644.577032956	4123767.33275056	
302644.779248001	4123767.62775475	
302645.056086724	4123768.07643479	
302645.240298016	4123768.36076011	
302645.415376997	4123768.63419798	
302645.664818758	4123769.05021567	
302645.822154873	4123769.3240707	
302645.979230101	4123769.5868297	
302646.12717302	4123769.83870124	
302646.349217824	4123770.22205658	
302646.496899845	4123770.46283209	
302646.626578143	4123770.69292873	
302646.821226018	4123771.0436217	
302646.950643421	4123771.26262231	
302647.127026681	4123771.59154038	
302647.247572653	4123771.81074956	
302647.376990036	4123772.02975018	
302647.553373265	4123772.35866825	
302647.674180093	4123772.58897348	
302647.794986915	4123772.8192787	
302647.906661439	4123773.03869647	
302648.01807508	4123773.24701821	
302648.139403639	4123773.49951551	
302648.251078146	4123773.71893328	
302648.371624061	4123773.93814249	
302648.474427144	4123774.15776884	
302648.632284836	4123774.45381598	
302648.734566155	4123774.65125027	
302648.845979757	4123774.85957201	
302649.040627454	4123775.21026503	
302649.226403724	4123775.56116663	
302649.33807818	4123775.78058442	
302649.496457565	4123776.09882364	
302649.655097815	4123776.4281589	
302649.841656659	4123776.81234861	
302649.96298512	4123777.06484593	
302650.158937098	4123777.47101914	
302650.289919572	4123777.75659599	
302650.430034323	4123778.05306031	
302650.552145371	4123778.33884574	
302650.683649569	4123778.64661466	
302650.806021475	4123778.94349613	
302650.993623715	4123779.37206999	
302651.171832782	4123779.77866036	
302651.293422038	4123780.04225374	
302651.471109334	4123780.42665205	
302651.630532055	4123780.78927544	
302651.798565298	4123781.14059423	
302651.91102224	4123781.39330014	
302652.070444927	4123781.75592354	
302652.191773259	4123782.00842089	
302652.294837031	4123782.23914332	
302652.41616535	4123782.49164067	
302652.520011726	4123782.7556512	
302652.623336351	4123782.99746966	
302652.726660973	4123783.23928812	
302652.829724717	4123783.47001055	
302652.933049327	4123783.71182902	
302653.028024271	4123783.97604812	
302653.122477468	4123784.21807516	
302653.207798385	4123784.44921473	
302653.292858428	4123784.66925827	
302653.425927668	4123785.04360343	
302653.512031183	4123785.30803111	
302653.654754419	4123785.71545581	
302653.749990192	4123785.99077095	
302653.83661543	4123786.27739069	
302653.922979793	4123786.55291441	
302654.018215551	4123786.82822955	
302654.104319034	4123787.09265723	
302654.239214296	4123787.54467464	
302654.383241817	4123788.00757951	
302654.470388757	4123788.31639133	
302654.557274822	4123788.61410711	
302654.652771411	4123788.9005183	
302654.730525199	4123789.18734662	
302654.85550553	4123789.59518847	
302654.932998438	4123789.87092076	
302655.048324748	4123790.24568307	
302655.164433657	4123790.6537335	
302655.241665678	4123790.91836975	
302655.366124228	4123791.30401954	
302655.434223975	4123791.55776834	
302655.501801981	4123791.78932506	
302655.578512248	4123792.03176926	
302655.637218852	4123792.26353456	
302655.714711715	4123792.53926685	
302655.792465444	4123792.82609518	
302655.900224634	4123793.25654625	
302655.969106958	4123793.54358314	
302656.03772841	4123793.81952401	
302656.106349858	4123794.09546487	
302656.223763017	4123794.55899547	
302656.293427926	4123794.87932047	
302656.363092831	4123795.19964547	
302656.472678046	4123795.70776878	
302656.543125541	4123796.06138188	
302656.604440777	4123796.40410751	
302656.674627397	4123796.74662458	
302656.735942623	4123797.08935022	
302656.815522359	4123797.45385079	
302656.885708966	4123797.79636786	
302656.965027823	4123798.1497724	
302657.065480723	4123798.64700824	
302657.135145579	4123798.96733325	
302657.204549565	4123799.27656222	
302657.285955335	4123799.71873503	
302657.346227059	4123800.01707654	
302657.397105659	4123800.29343454	
302657.469118295	4123800.71362385	
302657.520779489	4123801.02326996	
302657.57244068	4123801.33291607	
302657.664022138	4123801.83036048	
302657.707594537	4123802.17350325	
302657.768648835	4123802.50513286	
302657.833876992	4123803.01429901	
302657.886842498	4123803.37942528	
302657.939547134	4123803.73345552	
302657.991990901	4123804.07638974	
302658.053306045	4123804.41911538	
302658.105228073	4123804.73985752	
302658.175414592	4123805.08237461	
302658.227858345	4123805.42530882	
302658.271691582	4123805.77954763	
302658.323874464	4123806.1113858	
302658.367185963	4123806.44343255	
302658.410236593	4123806.76438326	
302658.444154978	4123807.0744465	
302658.468941117	4123807.37362227	
302658.502598632	4123807.67258948	
302658.548257914	4123808.10450053	
302658.573044049	4123808.4036763	
302658.600960575	4123808.83600448	
302658.625485842	4123809.12408422	
302658.67036252	4123809.52270716	
302658.694105188	4123809.7774988	
302658.726458363	4123810.02098585	
302658.749679297	4123810.25358542	
302658.772900229	4123810.48618499	
302658.80734033	4123810.8184403	
302658.830561261	4123811.05103988	
302658.873872731	4123811.38308663	
302658.90805196	4123811.7042459	
302658.931533754	4123811.94794151	
302658.985542653	4123812.35745193	
302659.030680175	4123812.76717091	
302659.054683697	4123813.03305858	
302659.099299484	4123813.4205855	
302659.135043897	4123813.80832098	
302659.159047415	4123814.07420866	
302659.183833528	4123814.37338443	
302659.208358776	4123814.66146418	
302659.233144889	4123814.96063995	
302659.249320497	4123815.27112033	
302659.264974372	4123815.55940864	
302659.280628247	4123815.84769694	
302659.304892626	4123816.12468065	
302659.320285637	4123816.40187293	
302659.33541778	4123816.66796917	
302659.350289057	4123816.92296938	
302659.373770837	4123817.16666499	
302659.388642114	4123817.42166519	
302659.394902889	4123817.68797	
302659.430125556	4123818.05351341	
302659.4444751	4123818.28632155	
302659.45856378	4123818.50803366	
302659.483871616	4123818.82940151	
302659.51100551	4123819.22844159	
302659.535009015	4123819.49432927	
302659.56136031	4123819.86008125	
302659.57649245	4123820.12617749	
302659.592928917	4123820.4477539	
302659.619801942	4123820.83569795	
302659.626584447	4123821.12419482	
302659.634932147	4123821.4792679	
302659.651368614	4123821.80084431	
302659.668326812	4123822.14461279	
302659.674326722	4123822.39982156	
302659.670672673	4123822.6219508	
302659.676150852	4123822.8549675	
302659.684498555	4123823.21004058	
302659.690498467	4123823.46524935	
302659.701193962	4123823.92018673	
302659.716847833	4123824.20847504	
302659.724673807	4123824.54135605	
302659.735891036	4123825.0184855	
302659.743195278	4123825.32917444	
302659.762762136	4123825.78390326	
302659.769283782	4123826.0613041	
302659.787807178	4123826.47164878	
302659.794067959	4123826.73795359	
302659.799807008	4123826.98206633	
302659.805546058	4123827.22617907	
302659.811285108	4123827.47029182	
302659.809978862	4123827.79228536	
302659.814935315	4123828.00311	
302659.822239562	4123828.31379894	
302659.819889856	4123828.59140835	
302659.817279284	4123828.85792172	
302659.813886116	4123829.091147	
302659.810753813	4123829.3354683	
302659.809447576	4123829.65746184	
302659.799009118	4123829.96856792	
302659.796920284	4123830.25727336	
302659.785438365	4123830.5239953	
302659.782827801	4123830.79050867	
302659.80030774	4123831.15646922	
302659.796653712	4123831.37859846	
302659.813872785	4123831.73346298	
302659.81987271	4123831.98867175	
302659.825350902	4123832.22168846	
302659.830829094	4123832.45470517	
302659.836307287	4123832.68772188	
302659.850656831	4123832.92053002	
302659.857178489	4123833.19793087	
302659.864482747	4123833.50861982	
302659.880919223	4123833.83019623	
302659.897355697	4123834.15177265	
302659.91327044	4123834.451157	
302659.911964215	4123834.77315054	
302659.91013626	4123835.07295202	
302659.908308304	4123835.3727535	
302659.897609003	4123835.67276354	
302659.896302783	4123835.99475708	
302659.886125217	4123836.31695919	
302659.875686787	4123836.62806527	
302659.856637878	4123836.95047594	
302659.846460318	4123837.27267805	
302659.827150547	4123837.5839927	
302659.825322604	4123837.88379417	
302659.814362449	4123838.17270818	
302659.812273641	4123838.46141363	
302659.809923968	4123838.73902304	
302659.80209422	4123839.16108946	
302659.800005416	4123839.4497949	
302659.810179228	4123839.88254022	
302659.812786031	4123840.37097428	
302659.811479833	4123840.69296783	
302659.804954431	4123841.17051441	
302659.816171716	4123841.64764387	
302659.814604655	4123841.95854139	
302659.798686184	4123842.41410447	
302659.787986918	4123842.71411452	
302659.776765918	4123842.99193249	
302659.765544919	4123843.26975047	
302659.754063055	4123843.53647242	
302659.734231587	4123843.82559499	
302659.708398324	4123844.23698251	
302659.699525141	4123844.61466479	
302659.688043284	4123844.88138674	
302659.685432768	4123845.14790012	
302659.678646532	4123845.61435068	
302659.668208151	4123845.92545676	
302659.675773314	4123846.24724174	
302659.674728008	4123846.58033133	
302659.673943572	4123846.92451695	
302659.681508738	4123847.24630193	
302659.697945239	4123847.56787835	
302659.705249537	4123847.87856731	
302659.707073782	4123848.33371327	
302659.696113677	4123848.62262728	
302659.694024907	4123848.91133273	
302659.70106834	4123849.21092565	
302659.690890842	4123849.53312777	
302659.689845549	4123849.86621735	
302659.688017652	4123850.16601884	
302659.686189755	4123850.46582032	
302659.684883597	4123850.78781387	
302659.68331657	4123851.09871139	
302659.6854017	4123851.56495339	
302659.683312941	4123851.85365884	
302659.681224182	4123852.14236429	
302659.670003225	4123852.42018227	
302659.667392733	4123852.68669566	
302659.655650043	4123852.94232157	
302659.644168222	4123853.20904352	
302659.628510705	4123853.67570265	
302659.618072362	4123853.98680873	
302659.607373153	4123854.28681878	
302659.605545274	4123854.58662027	
302659.606847817	4123855.01957417	
302659.607367758	4123855.41923996	
302659.605018146	4123855.69684938	
302659.606581563	4123856.14089931	
302659.607884114	4123856.57385321	
302659.614927568	4123856.87344613	
302659.616230121	4123857.30640003	
302659.617532677	4123857.73935392	
302659.62535874	4123858.07223495	
302659.636836967	4123858.56046045	
302659.63944387	4123859.04889452	
302659.646748198	4123859.35958348	
302659.636049013	4123859.65959353	
302659.634221149	4123859.95939502	
302659.623782835	4123860.27050111	
302659.621954975	4123860.5703026	
302659.620127117	4123860.87010409	
302659.618299259	4123861.16990558	
302659.616210533	4123861.45861103	
302659.62273226	4123861.73601189	
302659.620382667	4123862.01362131	
302659.617772206	4123862.2801347	
302659.623772196	4123862.53534349	
302659.629511318	4123862.77945624	
302659.627161727	4123863.05706566	
302659.633422588	4123863.32337048	
302659.630812131	4123863.58988387	
302659.627940806	4123863.84530122	
302659.62506948	4123864.10071858	
302659.621937287	4123864.3450399	
302659.609672907	4123864.57847375	
302659.597930267	4123864.83409967	
302659.587231106	4123865.13410972	
302659.576271077	4123865.42302375	
302659.573921498	4123865.70063317	
302659.554090156	4123865.98975576	
302659.543130132	4123866.27866978	
302659.53217011	4123866.56758381	
302659.529559666	4123866.8340972	
302659.526949222	4123867.10061058	
302659.52433878	4123867.36712397	
302659.530077914	4123867.61123673	
302659.528250081	4123867.91103822	
302659.526683121	4123868.22193575	
302659.524594422	4123868.51064121	
302659.522505723	4123868.79934667	
302659.520677896	4123869.09914816	
302659.519371808	4123869.42114172	
302659.518587463	4123869.76532735	
302659.517542249	4123870.09841695	
302659.516236166	4123870.42041051	
302659.514930084	4123870.74240407	
302659.507883133	4123871.19775861	
302659.518317935	4123871.64159999	
302659.516229247	4123871.93030545	
302659.51387969	4123872.20791487	
302659.511269265	4123872.47442826	
302659.508658838	4123872.74094166	
302659.505787544	4123872.99635901	
302659.503959731	4123873.29616051	
302659.492999742	4123873.58507454	
302659.49065019	4123873.86268396	
302659.489344122	4123874.18467753	
302659.482818932	4123874.66222414	
302659.493514618	4123875.11716155	
302659.500036378	4123875.39456241	
302659.501078148	4123875.81642029	
302659.520645143	4123876.27114913	
302659.528471258	4123876.60403016	
302659.550125216	4123877.14752728	
302659.571518305	4123877.67992837	
302659.584040091	4123878.21253803	
302659.592387949	4123878.56761113	
302659.604387996	4123879.07802871	
302659.60308194	4123879.40002228	
302659.601775887	4123879.72201585	
302659.600469834	4123880.04400941	
302659.599163784	4123880.36600298	
302659.597857735	4123880.68799655	
302659.591332576	4123881.16554317	
302659.581155229	4123881.4877453	
302659.571238755	4123881.82104347	
302659.556364048	4123882.32099072	
302659.538358894	4123882.68778556	
302659.530268524	4123883.09875597	
302659.517482478	4123883.30999776	
302659.501042558	4123883.74336881	
302659.493734809	4123884.18762733	
302659.486687934	4123884.64298188	
302659.47911932	4123885.07614436	
302659.471289837	4123885.49821081	
302659.463721228	4123885.93137329	
302659.455630881	4123886.3423437	
302659.456150957	4123886.74200952	
302659.465803201	4123887.1525628	
302659.466323281	4123887.55222861	
302659.462408546	4123887.76326183	
302659.463711243	4123888.19621575	
302659.473885235	4123888.6289611	
302659.470231375	4123888.85109036	
302659.472055819	4123889.30623635	
302659.477534123	4123889.53925307	
302659.4790977	4123889.98330303	
302659.489532568	4123890.42714441	
302659.490835274	4123890.86009833	
302659.49605271	4123891.08201902	
302659.497616292	4123891.52606898	
302659.498919003	4123891.9590229	
302659.491350429	4123892.39218538	
302659.496306995	4123892.60301004	
302659.488477551	4123893.0250765	
302659.480387239	4123893.43604691	
302659.472818673	4123893.8692094	
302659.478296986	4123894.10222613	
302659.474904013	4123894.33545143	
302659.462900626	4123894.57998132	
302659.451158113	4123894.83560726	
302659.428455707	4123895.38014723	
302659.425584484	4123895.6355646	
302659.422713262	4123895.89098196	
302659.402360342	4123896.1579125	
302659.408621278	4123896.42421733	
302659.396878774	4123896.67984326	
302659.394007555	4123896.93526063	
302659.396875531	4123897.43479076	
302659.443839049	4123897.92218202	
302659.458188652	4123898.15499018	
302659.48167041	4123898.39868581	
302659.504891293	4123898.63128541	
302659.528112177	4123898.863885	
302659.539068818	4123899.32991846	
302659.562028828	4123899.55142202	
302659.558635869	4123899.78464732	
302659.563853317	4123900.00656802	
302659.559938613	4123900.21760125	
302659.565156062	4123900.43952194	
302659.55237008	4123900.65076374	
302659.54480155	4123901.08392623	
302659.53697215	4123901.50599269	
302659.5239253	4123901.70613845	
302659.520010601	4123901.91717168	
302659.516095904	4123902.12820491	
302659.512181207	4123902.33923814	
302659.504090943	4123902.75020856	
302659.500176247	4123902.96124179	
302659.482953837	4123903.36132475	
302659.479039145	4123903.57235798	
302659.479820164	4123903.98311984	
302659.489211588	4123904.38257709	
302659.489209993	4123904.76005084	
302659.48946927	4123905.14862063	
302659.503034666	4123905.72561444	
302659.504598313	4123906.16966441	
302659.515554981	4123906.63569787	
302659.503551643	4123906.88022778	
302659.506941407	4123907.40194999	
302659.501720774	4123907.9349768	
302659.487368001	4123908.45711614	
302659.475886417	4123908.72383812	
302659.452140633	4123909.22399396	
302659.428394855	4123909.7241498	
302659.404388209	4123910.21320961	
302659.401256157	4123910.45753095	
302659.394731183	4123910.93507759	
302659.396555732	4123911.39022359	
302659.398380284	4123911.84536959	
302659.39133357	4123912.30072416	
302659.393940746	4123912.78915827	
302659.397069674	4123913.29978445	
302659.401502972	4123913.8658908	
302659.405675399	4123914.42090112	
302659.427590359	4123914.9754943	
302659.457854833	4123915.50768685	
302659.488380182	4123916.05097543	
302659.510295142	4123916.60556861	
302659.524382335	4123917.2047545	
302659.529076519	4123917.78195689	
302659.515767311	4123918.34848038	
302659.502458108	4123918.91500388	
302659.480016776	4123919.4706399	
302659.449747689	4123920.07086864	
302659.420261232	4123920.70438549	
302659.417649432	4123921.34837266	
302659.423126271	4123921.95886316	
302659.4215595	4123922.26976071	
302659.427036344	4123922.88025121	
302659.423641935	4123923.49095028	
302659.428857911	4123924.09034475	
302659.436162403	4123924.40103373	
302659.433289753	4123925.03392487	
302659.440070985	4123925.69989555	
302659.437980969	4123926.3660748	
302659.445807215	4123926.69895586	
302659.452327581	4123927.3538305	
302659.449976701	4123928.00891372	
302659.464846576	4123928.64138772	
302659.472411951	4123928.96317275	
302659.478149705	4123929.58475929	
302659.483887461	4123930.20634583	
302659.499279094	4123930.86101191	
302659.469792744	4123931.49452876	
302659.448916774	4123932.11674101	
302659.401166198	4123932.72848294	
302659.379768492	4123933.32850312	
302659.34088918	4123933.94003647	
302659.318969737	4123934.51786459	
302659.305921545	4123935.09548413	
302659.284002115	4123935.67331225	
302659.288435543	4123936.23941862	
302659.286086198	4123936.51702807	
302659.307740361	4123937.06052523	
302659.305391018	4123937.33813469	
302659.326784306	4123937.87053581	
302659.341655693	4123938.12553606	
302659.348177593	4123938.40293694	
302659.354699493	4123938.68033783	
302659.361221394	4123938.95773871	
302659.376875409	4123939.24602706	
302659.392529426	4123939.53431541	
302659.414705342	4123940.10000465	
302659.428010021	4123940.66590245	
302659.443664038	4123940.9541908	
302659.450707692	4123941.25378376	
302659.449140987	4123941.56468132	
302659.456184642	4123941.86427428	
302659.452529484	4123942.46387733	
302659.457745566	4123943.06327181	
302659.44469743	4123943.64089136	
302659.432953679	4123944.27399109	
302659.43008117	4123944.90688225	
302659.418598307	4123945.55107802	
302659.40789951	4123945.85108811	
302659.404766136	4123946.47288324	
302659.401371889	4123947.08358233	
302659.397977647	4123947.69428142	
302659.39615009	4123947.99408295	
302659.401366205	4123948.59347744	
302659.406321449	4123949.18177589	
302659.402927221	4123949.79247498	
302659.409447732	4123950.44734965	
302659.39848667	4123951.11373749	
302659.396918595	4123951.80210884	
302659.405004382	4123952.52355972	
302659.386998254	4123953.26782838	
302659.377341605	4123953.98969641	
302659.367684963	4123954.71156443	
302659.375249016	4123955.41082324	
302659.365331509	4123956.12159524	
302659.364285229	4123956.83215866	
302659.389069981	4123957.50880826	
302659.404983514	4123958.18566644	
302659.42950739	4123958.85122001	
302659.435767077	4123959.49499864	
302659.424284332	4123960.13919442	
302659.430544028	4123960.78297307	
302659.436542848	4123961.41565567	
302659.433148701	4123962.02635478	
302659.440714161	4123962.34813981	
302659.446191233	4123962.95863035	
302659.433665005	4123963.55844199	
302659.430009994	4123964.15804506	
302659.437053703	4123964.45763802	
302659.442009032	4123965.04593649	
302659.455574697	4123965.62293035	
302659.460008274	4123966.18903674	
302659.448526932	4123966.45575874	
302659.452960514	4123967.02186514	
302659.456872343	4123967.56577946	
302659.461045052	4123968.12078982	
302659.458695805	4123968.39839929	
302659.474088972	4123968.67559161	
302659.477739931	4123969.2084099	
302659.472519684	4123969.74143676	
302659.484520096	4123970.25185441	
302659.487649304	4123970.76248063	
302659.491039393	4123971.28420289	
302659.493907727	4123971.78373307	
302659.479294534	4123972.29477644	
302659.455549263	4123972.79493233	
302659.440414323	4123973.28378362	
302659.428411252	4123973.52831355	
302659.404405115	4123974.01737342	
302659.371527782	4123974.50664185	
302659.338389577	4123974.98481425	
302659.326386516	4123975.22934418	
302659.31099072	4123975.70709944	
302659.303944369	4123976.16245405	
302659.300551635	4123976.39567938	
302659.296898021	4123976.61780867	
302659.293244409	4123976.83993796	
302659.289590797	4123977.06206725	
302659.285676307	4123977.2731005	
302659.278108208	4123977.70626305	
302659.27419372	4123977.9172963	
302659.28436802	4123978.3500417	
302659.276799926	4123978.78320425	
302659.268970956	4123979.20527076	
302659.261402868	4123979.63843331	
302659.253313023	4123980.04940378	
302659.249659421	4123980.27153307	
302659.24235222	4123980.71579165	
302659.226434707	4123981.17135484	
302659.218605752	4123981.59342135	
302659.211298559	4123982.03767994	
302659.212862563	4123982.48172995	
302659.205033616	4123982.90379646	
302659.206597624	4123983.34784647	
302659.199290442	4123983.79210506	
302659.191722382	4123984.22526761	
302659.184936966	4123984.69171827	
302659.187283624	4123985.16905639	
302659.172409663	4123985.66900373	
302659.174756326	4123986.14634185	
302659.176842112	4123986.61258394	
302659.191191787	4123986.84539212	
302659.193277574	4123987.31163421	
302659.196146004	4123987.81116441	
302659.199536198	4123988.33288667	
302659.203448154	4123988.87680102	
302659.207620994	4123989.4318114	
302659.220143261	4123989.96442113	
302659.214662279	4123990.48635197	
302659.22718455	4123991.01896171	
302659.230835638	4123991.55178001	
302659.243097032	4123992.07329371	
302659.240486986	4123992.33980715	
302659.2438772	4123992.86152943	
302659.256660359	4123993.4052352	
302659.254050317	4123993.67174864	
302659.260572338	4123993.94914954	
302659.27544378	4123994.20414981	
302659.349542562	4123994.71310747	
302659.458865175	4123995.21013481	
302659.517831628	4123995.45299617	
302659.567926898	4123995.69606611	
302659.635503643	4123995.92762287	
302659.67672773	4123996.17090138	
302659.753175648	4123996.40224957	
302659.914420891	4123996.8425453	
302660.016960571	4123997.05107571	
302660.137242601	4123997.25918897	
302660.266656682	4123997.4781897	
302660.395548999	4123997.67499836	
302660.52418043	4123997.86071098	
302660.833365937	4123998.17540464	
302661.167860557	4123998.43399241	
302661.348153746	4123998.5518774	
302661.689432485	4123998.72148834	
302662.039582388	4123998.89089071	
302662.362857871	4123999.04982277	
302662.685611588	4123999.18656277	
302662.998711489	4123999.29022324	
302663.516370162	4123999.41127873	
302663.889481266	4123999.42471097	
302664.429840322	4123999.37870028	
302664.79225413	4123999.31466887	
302665.135882098	4123999.20667047	
302665.451853056	4123999.05491363	
302665.767041407	4123998.8698687	
302665.932985019	4123998.7549456	
302666.281831991	4123998.49139418	
302666.465257097	4123998.36495792	
302666.630678985	4123998.22784277	
302666.741569463	4123998.03649882	
302666.861331123	4123997.84494631	
302667.128511475	4123997.50559975	
302667.193741735	4123997.25981844	
302667.270192593	4123996.73621911	
302667.315071806	4123996.37989458	
302667.411352003	4123995.94464641	
302667.450229622	4123995.71058684	
302667.497978422	4123995.4763187	
302667.585126594	4123995.03018306	
302667.627918876	4123994.58509025	
302667.622701479	4123994.36316952	
302667.599741723	4123994.14166593	
302667.577303704	4123993.94235441	
302667.528252142	4123993.74366858	
302667.487810889	4123993.53367814	
302667.398318066	4123993.12500188	
302667.348744757	4123992.90412398	
302667.299432315	4123992.69434211	
302667.250119872	4123992.48456024	
302667.201068297	4123992.28587441	
302667.152016719	4123992.08718858	
302667.053913559	4123991.68981692	
302666.964942445	4123991.30333273	
302666.915369117	4123991.08245483	
302666.856141991	4123990.82849739	
302666.806568659	4123990.60761949	
302666.782304525	4123990.33063572	
302666.644542663	4123989.75656174	
302666.586359006	4123989.54698844	
302666.545917718	4123989.33699801	
302666.496866114	4123989.13831219	
302666.456163953	4123988.91722572	
302666.501825814	4123988.59418929	
302666.416245976	4123988.35195358	
302666.393807927	4123988.15264206	
302666.361976946	4123987.93134703	
302666.326493772	4123987.55470751	
302666.282400278	4123987.18937258	
302666.229435594	4123986.82424621	
302666.206997538	4123986.62493469	
302666.170731743	4123986.21500706	
302666.156643133	4123985.9932949	
302666.134205075	4123985.79398338	
302666.07863167	4123985.31789666	
302666.043409353	4123984.95235317	
302666.121686416	4123984.50642609	
302666.186916782	4123984.26064479	
302666.252408023	4123984.02595952	
302666.327031331	4123983.80216173	
302666.458274707	4123983.34388723	
302666.54203009	4123983.13097691	
302666.700408809	4123982.6942688	
302666.885401124	4123982.25693501	
302667.080047264	4123981.85268077	
302667.283825486	4123981.459314	
302667.394977102	4123981.27906611	
302667.599016223	4123980.89679539	
302667.701035791	4123980.70566003	
302667.803316233	4123980.52562071	
302667.998745067	4123980.1546546	
302668.202523378	4123979.76128786	
302668.312892436	4123979.54775188	
302668.423522368	4123979.34531193	
302668.635128449	4123978.9073525	
302668.837602491	4123978.4585056	
302669.049208621	4123978.02054618	
302669.132964133	4123977.8076359	
302669.318217568	4123977.3813982	
302669.476335696	4123976.93359412	
302669.625582644	4123976.48599861	
302669.700206123	4123976.26220086	
302669.813707433	4123975.80434355	
302669.861717327	4123975.58117148	
302669.940255586	4123975.14634049	
302670.00966179	4123974.70062202	
302670.040190159	4123974.48896311	
302670.10098604	4123974.05454924	
302670.122643213	4123973.84309889	
302670.139343959	4123973.42082385	
302670.161262001	4123973.22046953	
302670.169613279	4123972.82059513	
302670.200402528	4123972.62003225	
302670.226757083	4123972.23083677	
302670.239803928	4123972.03069101	
302670.262245523	4123971.47505499	
302670.271379408	4123971.1084687	
302670.079345087	4123970.86873566	
302670.102830139	4123970.35748378	
302670.111964023	4123969.99089749	
302670.125010873	4123969.79075173	
302670.120054449	4123969.57992705	
302670.137537816	4123969.19094013	
302670.13727877	4123968.80237033	
302670.137280591	4123968.42489656	
302670.14615362	4123968.04721423	
302670.155287517	4123967.68062794	
302670.163377959	4123967.2696575	
302670.180078748	4123966.84738247	
302670.193125614	4123966.64723672	
302670.201476927	4123966.24736232	
302670.241139261	4123965.66911712	
302670.266711276	4123965.24663353	
302670.279758149	4123965.04648777	
302670.274801736	4123964.8356631	
302670.282892199	4123964.42469266	
302670.283154907	4123964.05831493	
302670.291245374	4123963.6473445	
302670.295160178	4123963.43631127	
302670.293596844	4123962.99226129	
302670.297250785	4123962.77013202	
302670.304819533	4123962.33696952	
302670.303777933	4123961.91511162	
302670.30769274	4123961.70407838	
302670.314739768	4123961.24872381	
302670.317871987	4123961.00440247	
302670.323614702	4123960.49356772	
302670.328835693	4123959.9605409	
302670.331185326	4123959.68293146	
302670.334317552	4123959.43861012	
302670.32779597	4123959.16120924	
302670.330667332	4123958.90579186	
302670.333538697	4123958.65037449	
302670.339020562	4123958.12844371	
302670.335370351	4123957.59562545	
302670.339547909	4123957.01821449	
302670.341636689	4123956.72950901	
302670.345031665	4123956.11880995	
302670.355209081	4123955.79660781	
302670.357560612	4123955.1415246	
302670.368522507	4123954.4751368	
302670.369567845	4123954.14204719	
302670.372441114	4123953.50915605	
302670.375314389	4123952.87626492	
302670.387319754	4123952.25426127	
302670.380276464	4123951.95466832	
302670.3925427	4123951.3437607	
302670.395937716	4123950.73306164	
302670.406897746	4123950.4441476	
302670.399854461	4123950.14455465	
302670.410553631	4123949.84454458	
302670.414470383	4123949.2560376	
302670.418648001	4123948.67862665	
302670.431957714	4123948.11210317	
302670.436396203	4123947.54578826	
302670.441095558	4123946.99056938	
302670.455187872	4123946.45733402	
302670.451276865	4123945.91341973	
302670.462497779	4123945.63560173	
302670.465369186	4123945.38018437	
302670.471112005	4123944.86934963	
302670.476593965	4123944.34741886	
302670.479465377	4123944.09200149	
302670.482597652	4123943.84768016	
302670.488601342	4123943.34794146	
302670.491733618	4123943.10362013	
302670.506869411	4123942.61476891	
302670.510262552	4123942.38154361	
302670.513394832	4123942.13722228	
302670.502438647	4123941.6711888	
302670.505831791	4123941.43796351	
302670.491743324	4123941.21625136	
302670.49513647	4123940.98302607	
302670.48991924	4123940.76110536	
302670.484702011	4123940.53918466	
302670.479484782	4123940.31726396	
302670.4776607	4123939.86211796	
302670.466965382	4123939.40718052	
302670.461487293	4123939.17416378	
302670.441920739	4123938.7194349	
302670.431486285	4123938.27559349	
302670.421312693	4123937.84284812	
302670.402528722	4123937.42140735	
302670.392615993	4123936.99975801	
302670.374092885	4123936.58941327	
302670.36470188	4123936.18995601	
302670.355310875	4123935.79049875	
302670.346180733	4123935.40213752	
302670.32844021	4123935.02508088	
302670.310960546	4123934.65912028	
302670.293220023	4123934.28206365	
302670.302354093	4123933.91547738	
302670.32062027	4123933.55977858	
302670.330015205	4123933.20428835	
302670.348542248	4123932.85968559	
302670.356893744	4123932.45981121	
302670.383248595	4123932.07061576	
302670.391860958	4123931.68183742	
302670.400473323	4123931.29305907	
302670.409607412	4123930.9264728	
302670.418741503	4123930.55988654	
302670.419265208	4123930.20460486	
302670.428660164	4123929.84911462	
302670.420573485	4123929.50513754	
302670.421879776	4123929.18314397	
302670.422403488	4123928.82786229	
302670.42266634	4123928.46148458	
302670.431539584	4123928.08380228	
302670.431802438	4123927.71742457	
302670.431021854	4123927.30666272	
302670.420848299	4123926.87391735	
302670.428678109	4123926.45185091	
302670.427897529	4123926.04108906	
302670.426856091	4123925.61923118	
302670.425814655	4123925.19737329	
302670.424773219	4123924.77551541	
302670.424253508	4123924.37584959	
302670.414601682	4123923.9652963	
302670.414342832	4123923.57672652	
302670.413823124	4123923.17706071	
302670.405475602	4123922.82198759	
302670.405477616	4123922.44451385	
302670.404697052	4123922.033752	
302670.403394771	4123921.60079809	
302670.40261421	4123921.19003624	
302670.40652913	4123920.97900302	
302670.397138174	4123920.57954576	
302670.396879337	4123920.19097599	
302670.396620502	4123919.80240621	
302670.387490409	4123919.41404499	
302670.387753296	4123919.04766729	
302670.388016184	4123918.68128958	
302670.379668673	4123918.32621647	
302670.380453284	4123917.98203083	
302670.381498755	4123917.64894123	
302670.373672966	4123917.31606018	
302670.366108037	4123916.99427518	
302670.367414371	4123916.67228161	
302670.360371163	4123916.37268867	
302670.353327955	4123916.07309573	
302670.35541687	4123915.78439027	
302670.357244926	4123915.48458877	
302670.350723439	4123915.2071879	
302670.344462811	4123914.94088307	
302670.338202184	4123914.67457824	
302670.341073683	4123914.41916088	
302670.334552197	4123914.14176001	
302670.328291572	4123913.87545518	
302670.322030946	4123913.60915034	
302670.324119868	4123913.32044488	
302670.317598384	4123913.04304401	
302670.311076901	4123912.76564315	
302670.313165826	4123912.47693769	
302670.306383485	4123912.18844078	
302670.305602959	4123911.77767894	
302670.298820619	4123911.48918204	
302670.300909548	4123911.20047658	
302670.29047518	4123910.75663519	
302670.283431983	4123910.45704225	
302670.285781773	4123910.17943283	
302670.275086549	4123909.72449541	
302670.277175481	4123909.43578995	
302670.261782735	4123909.15859764	
302670.25473954	4123908.8590047	
302670.247957205	4123908.5705078	
302670.246654973	4123908.13755389	
302670.240133498	4123907.86015303	
302670.239352988	4123907.44939119	
302670.233353232	4123907.19418239	
302670.227092618	4123906.92787756	
302670.220571144	4123906.65047669	
302670.219790638	4123906.23971485	
302670.222662158	4123905.9842975	
302670.234404951	4123905.72867159	
302670.228405198	4123905.47346279	
302670.239104559	4123905.17345274	
302670.262590157	4123904.66220093	
302670.263635671	4123904.32911133	
302670.287642995	4123903.84005158	
302670.306431065	4123903.50654488	
302670.316347863	4123903.17324673	
302670.335657656	4123902.86193209	
302670.368797131	4123902.38375982	
302670.37949651	4123902.08374977	
302670.39045675	4123901.79483576	
302670.401416992	4123901.50592175	
302670.417074782	4123901.03926263	
302670.42777417	4123900.73925259	
302670.438212702	4123900.42814651	
302670.448912093	4123900.12813646	
302670.45648119	4123899.694974	
302670.458048446	4123899.38407648	
302670.458833129	4123899.03989085	
302670.473186651	4123898.51775156	
302670.465621772	4123898.19596656	
302670.458056894	4123897.87418156	
302670.459363299	4123897.552188	
302670.456756839	4123897.06375393	
302670.448148532	4123896.69758479	
302670.448150651	4123896.32011106	
302670.444500765	4123895.78729285	
302670.436414176	4123895.44331578	
302670.419717162	4123895.11064331	
302670.412152289	4123894.78885831	
302670.400935411	4123894.31172882	
302670.384760112	4123894.00124842	
302670.373543235	4123893.52411893	
302670.364934934	4123893.1579498	
302670.35684835	4123892.81397273	
302670.339890477	4123892.47020422	
302670.327369316	4123891.93759456	
302670.310150587	4123891.58273002	
302670.293453572	4123891.25005754	
302670.267885268	4123890.91759362	
302670.242577821	4123890.59622574	
302670.217531231	4123890.28595389	
302670.192223781	4123889.964586	
302670.157523326	4123889.6212346	
302670.132215874	4123889.29986671	
302670.106647565	4123888.96740279	
302670.057858661	4123888.40233926	
302670.031507777	4123888.03658724	
302670.005678606	4123887.69302729	
302669.980110292	4123887.36056337	
302669.972023707	4123887.0165863	
302669.955326686	4123886.68391383	
302669.948022674	4123886.37322487	
302669.93993609	4123886.0292478	
302669.940199088	4123885.66287011	
302669.930808219	4123885.26341288	
302669.921678207	4123884.87505167	
302669.903937757	4123884.49799506	
302669.886458166	4123884.13203449	
302669.868978574	4123883.76607391	
302669.842627684	4123883.40032189	
302669.824365518	4123883.00107321	
302669.805842496	4123882.5907285	
302669.778709032	4123882.19168838	
302669.769318165	4123881.79223114	
302669.742706415	4123881.41538309	
302669.724965964	4123881.03832648	
302669.694441352	4123880.49503791	
302669.677222616	4123880.14017337	
302669.650350005	4123879.75222928	
302669.618781961	4123879.16455658	
302669.601041507	4123878.78749997	
302669.574429753	4123878.41065192	
302669.542600849	4123877.81188318	
302669.515728235	4123877.42393909	
302669.497726924	4123877.03578645	
302669.479986469	4123876.65872985	
302669.44946185	4123876.11544128	
302669.449985722	4123875.76015963	
302669.441899146	4123875.41618257	
302669.433551713	4123875.06110948	
302669.424943424	4123874.69494035	
302669.424684727	4123874.3063706	
302669.424426034	4123873.91780084	
302669.424428197	4123873.54032712	
302669.433562529	4123873.17374089	
302669.433825553	4123872.8073632	
302669.434871151	4123872.47427362	
302669.435655892	4123872.13008801	
302669.436440634	4123871.78590239	
302669.433834239	4123871.29746833	
302669.435140698	4123870.97547479	
302669.436968873	4123870.67567331	
302669.434623339	4123870.19833529	
302669.427319347	4123869.88764633	
302669.428886669	4123869.57674882	
302669.426801996	4123869.11050683	
302669.41923715	4123868.78872184	
302669.420543618	4123868.4667283	
302669.41323963	4123868.15603935	
302669.405935642	4123867.84535039	
302669.398631656	4123867.53466144	
302669.400198985	4123867.22376393	
302669.389243006	4123866.75773049	
302669.381939021	4123866.44704154	
302669.373852467	4123866.10306449	
302669.368898385	4123865.51476613	
302669.357942412	4123865.04873269	
302669.358988035	4123864.71564312	
302669.36864412	4123864.37124895	
302669.369689744	4123864.03815938	
302669.37882412	4123863.67157314	
302669.387958498	4123863.30498691	
302669.388743271	4123862.9608013	
302669.389528046	4123862.61661569	
302669.390573679	4123862.28352611	
302669.383008848	4123861.96174112	
302669.384576195	4123861.65084362	
302669.377533078	4123861.3512507	
302669.378839571	4123861.02925716	
302669.370753031	4123860.6852801	
302669.370494389	4123860.29671036	
302669.360842714	4123859.8861571	
302669.35119104	4123859.47560385	
302669.35954287	4123859.07572951	
302669.359023378	4123858.67606374	
302669.367896924	4123858.29838147	
302669.385641796	4123857.92049065	
302669.386165734	4123857.56520901	
302669.395560998	4123857.20971881	
302669.404956265	4123856.85422862	
302669.414873243	4123856.52093049	
302669.407308428	4123856.1991455	
302669.408614941	4123855.87715197	
302669.419053637	4123855.56604591	
302669.420621007	4123855.2551484	
302669.422710089	4123854.96644297	
302669.415927844	4123854.67794609	
302669.418016929	4123854.38924065	
302669.41097383	4123854.08964773	
302669.413062916	4123853.8009423	
302669.423762477	4123853.50093227	
302669.417241091	4123853.22353142	
302669.420112747	4123852.96811409	
302669.414113073	4123852.71290531	
302669.416723874	4123852.44639195	
302669.41020249	4123852.1689911	
302669.412813292	4123851.90247773	
302669.406552765	4123851.63617292	
302669.408902715	4123851.35856352	
302669.41151352	4123851.09205015	
302669.414385182	4123850.83663282	
302669.408385512	4123850.58142404	
302669.420389362	4123850.33689419	
302669.423782737	4123850.10366892	
302669.426654401	4123849.84825159	
302669.437614835	4123849.5593376	
302669.439964792	4123849.2817282	
302669.448055823	4123848.87075784	
302669.450666638	4123848.60424447	
302669.453016598	4123848.32663507	
302669.450671171	4123847.84929706	
302669.451456004	4123847.50511146	
302669.452501693	4123847.17202189	
302669.46241872	4123846.83872377	
302669.463725268	4123846.51673024	
302669.464770961	4123846.18364067	
302669.465816656	4123845.8505511	
302669.463732095	4123845.38430913	
302669.464516938	4123845.04012353	
302669.474955685	4123844.72901747	
302669.472871131	4123844.2627755	
302669.465828057	4123843.96318259	
302669.476266809	4123843.65207654	
302669.468962883	4123843.34138759	
302669.470791151	4123843.04158613	
302669.464269789	4123842.76418529	
302669.466358914	4123842.47547985	
302669.459837553	4123842.19807901	
302669.46192668	4123841.90937358	
302669.472626295	4123841.60936356	
302669.474454569	4123841.3095621	
302669.467672357	4123841.02106522	
302669.469500633	4123840.72126376	
302669.46324013	4123840.45495895	
302669.465590118	4123840.17734955	
302669.459068762	4123839.89994871	
302669.46141875	4123839.62233932	
302669.455158249	4123839.35603451	
302669.458029948	4123839.10061718	
302669.45124774	4123838.8121203	
302669.453076023	4123838.51231884	
302669.454643454	4123838.20142134	
302669.456210885	4123837.89052385	
302669.457256609	4123837.55743428	
302669.467434535	4123837.2352322	
302669.477351609	4123836.90193408	
302669.469525991	4123836.56905307	
302669.488314415	4123836.2355464	
302669.519367608	4123835.66860592	
302669.537112626	4123835.29071511	
302669.54624715	4123834.92412889	
302669.577822067	4123834.37938048	
302669.587478305	4123834.03498633	
302669.588784902	4123833.7129928	
302669.58930894	4123833.35771117	
302669.589572126	4123832.99133351	
302669.598184957	4123832.60255523	
302669.607580351	4123832.24706505	
302669.6258471	4123831.89136631	
302669.626631999	4123831.54718072	
302669.609674195	4123831.20341223	
302669.610459096	4123830.85922664	
302669.602633499	4123830.52634563	
302669.595329609	4123830.21565669	
302669.596114513	4123829.8714711	
302669.588028064	4123829.52749406	
302669.589073825	4123829.1944045	
302669.590380438	4123828.87241098	
302669.591687055	4123828.55041745	
302669.593254524	4123828.23951996	
302669.586211492	4123827.93992706	
302669.605260823	4123827.61751642	
302669.607350003	4123827.328811	
302669.600567826	4123827.04031413	
302669.594307356	4123826.77400933	
302669.59665739	4123826.49639994	
302669.598746574	4123826.20769451	
302669.592486105	4123825.94138971	
302669.595096995	4123825.67487635	
302669.58909738	4123825.41966758	
302669.591969123	4123825.16425026	
302669.585969509	4123824.90904149	
302669.589362961	4123824.67581623	
302669.583885054	4123824.44279953	
302669.613110028	4123824.17566052	
302669.616503483	4123823.94243526	
302669.61128643	4123823.72051459	
302669.614940737	4123823.49838537	
302669.622510208	4123823.06522296	
302669.625642814	4123822.82090167	
302669.629036272	4123822.58767641	
302669.632951436	4123822.37664323	
302669.627995238	4123822.16581859	
302669.622778188	4123821.94389792	
302669.622258863	4123821.54423217	
302669.62617403	4123821.33319898	
302669.629306641	4123821.08887769	
302669.632700104	4123820.85565244	
302669.627222204	4123820.62263574	
302669.622005157	4123820.40071507	
302669.616527258	4123820.16769837	
302669.619920724	4123819.93447311	
302669.605832313	4123819.712761	
302669.600876119	4123819.50193637	
302669.591485437	4123819.10247917	
302669.577397026	4123818.88076705	
302669.571397424	4123818.62555829	
302669.565658674	4123818.38144555	
302669.568791291	4123818.13712426	
302669.554442028	4123817.90431612	
302669.557835498	4123817.67109086	
302669.542964531	4123817.41609065	
302669.537486635	4123817.18307395	
302669.523137371	4123816.9502658	
302669.50904896	4123816.72855369	
302669.504092769	4123816.51772906	
302669.517140167	4123816.31758335	
302669.524970524	4123815.89551698	
302669.528624851	4123815.67338776	
302669.52340781	4123815.45146709	
302669.509580252	4123815.24085101	
302669.494970136	4123814.99694683	
302669.488187983	4123814.70844997	
302669.41199998	4123814.48819773	
302669.405739529	4123814.22189293	
302669.399479079	4123813.95558813	
302669.384608109	4123813.70058792	
302669.378086807	4123813.42318709	
302669.362954986	4123813.15709084	
302669.365565908	4123812.89057749	
302669.359827164	4123812.64646476	
302669.354088419	4123812.40235203	
302669.339478303	4123812.15844785	
302669.342871783	4123811.9252226	
302669.337654743	4123811.70330193	
302669.323827183	4123811.49268585	
302669.317827587	4123811.23747709	
302669.312088844	4123810.99336436	
302669.298261282	4123810.78274828	
302669.299828803	4123810.4718508	
302669.303743991	4123810.26081761	
302669.307137477	4123810.02759236	
302669.309487555	4123809.74998298	
302669.312881043	4123809.51675773	
302669.31627453	4123809.28353247	
302669.328539395	4123809.05009867	
302669.340543409	4123808.80556883	
302669.334022116	4123808.528168	
302669.345504429	4123808.2614461	
302669.356986742	4123807.9947242	
302669.359597682	4123807.72821085	
302669.362730324	4123807.48388956	
302669.365862968	4123807.23956828	
302669.360645936	4123807.01764762	
302669.364039432	4123806.78442237	
302669.367432928	4123806.55119712	
302669.360911641	4123806.27379629	
302669.399529806	4123806.02864079	
302669.412055536	4123805.80630302	
302669.397706278	4123805.57349488	
302669.389359034	4123805.21842182	
302669.374748925	4123804.97451764	
302669.378142427	4123804.74129239	
302669.361445506	4123804.40861995	
302669.364578158	4123804.16429867	
302669.358578578	4123803.90908991	
302669.361711232	4123803.66476863	
302669.318921869	4123803.35491391	
302669.330404203	4123803.08819201	
302669.341103984	4123802.78818201	
302669.3604143	4123802.47686742	
302669.397728236	4123802.17623176	
302669.417560258	4123801.88710924	
302669.437392283	4123801.59798672	
302669.466356546	4123801.31975169	
302669.495581663	4123801.05261268	
302669.52454593	4123800.77437764	
302669.562120735	4123800.48483802	
302669.590824159	4123800.19550695	
302669.6111779	4123799.9285765	
302669.631792494	4123799.67274208	
302669.597613669	4123799.35158278	
302669.501335136	4123799.03188335	
302669.445500771	4123798.54470065	
302669.403493953	4123798.26813404	
302669.37009767	4123797.98026284	
302669.343485968	4123797.60341482	
302669.265993592	4123797.32768242	
302669.223986765	4123797.0511158	
302669.195549101	4123796.59659555	
302669.207814012	4123796.36316175	
302669.219818073	4123796.11863192	
302669.231039584	4123795.84081399	
302669.268875266	4123795.5623704	
302669.260528045	4123795.20729735	
302669.246700491	4123794.99668127	
302669.278536617	4123794.46302892	
302669.156426408	4123794.17724325	
302669.235749705	4123793.77570054	
302669.183828075	4123793.45495834	
302669.151736034	4123793.22256731	
302669.129297936	4123793.02325582	
302669.114166127	4123792.75715958	
302669.071115884	4123792.43620884	
302669.056766626	4123792.2034007	
302669.051288762	4123791.97038401	
302669.036156951	4123791.70428777	
302669.03876793	4123791.43777442	
302669.015286426	4123791.1940788	
302669.0158106	4123790.8387972	
302669.52486869	4123791.3486318	
302669.510519445	4123791.11582366	
302669.504259045	4123790.84951887	
302669.503218143	4123790.42766107	
302669.46251556	4123790.20657462	
302669.501133842	4123789.96141913	
302669.491221546	4123789.53976988	
302669.503747342	4123789.31743212	
302669.522796888	4123788.99502151	
302669.552804633	4123788.76117061	
302669.547848489	4123788.55034598	
302669.556722395	4123788.17266376	
302669.550201153	4123787.89526294	
302669.553073009	4123787.63984563	
302669.564816266	4123787.38421977	
302669.576298674	4123787.11749787	
302669.588302783	4123786.87296805	
302669.591435493	4123786.62864677	
302669.603178755	4123786.37302091	
302669.614400319	4123786.09520298	
302669.608139933	4123785.8288982	
302669.593008146	4123785.56280196	
302669.57761551	4123785.28560969	
302669.585446037	4123784.86354334	
302669.577881406	4123784.54175839	
302669.588842128	4123784.25284443	
302669.590670599	4123783.95304299	
302669.593281619	4123783.68652965	
302669.578149834	4123783.42043342	
302669.585197823	4123782.96507897	
302669.603986559	4123782.63157233	
302669.68722277	4123782.39647012	
302669.679918998	4123782.0857812	
302669.637651305	4123781.79811855	
302669.648872889	4123781.52030063	
302669.632697713	4123781.20982026	
302669.652269007	4123780.90960172	
302669.645486935	4123780.62110487	
302669.652795792	4123780.17684646	
302669.664017385	4123779.89902853	
302669.666367571	4123779.62141916	
302669.668717759	4123779.34380979	
302669.644453724	4123779.06682608	
302669.655675321	4123778.78900815	
302669.680987854	4123778.35542867	
302669.651767695	4123777.86762033	
302669.635331674	4123777.54604394	
302669.624636879	4123777.09110659	
302669.608200859	4123776.7695302	
302669.610029356	4123776.46972876	
302669.611597007	4123776.15883129	
302669.595682683	4123775.85944696	
302669.606643444	4123775.57053301	
302669.626214768	4123775.27031447	
302669.637175532	4123774.98140052	
302669.63848234	4123774.65940702	
302669.631178584	4123774.3487181	
302669.649967373	4123774.01521147	
302669.651274184	4123773.69321797	
302669.643709583	4123773.37143302	
302669.645016397	4123773.04943952	
302669.637190949	4123772.71655854	
302669.629887198	4123772.40586963	
302669.604840617	4123772.09559782	
302669.593624144	4123771.61846841	
302669.577448977	4123771.30798805	
302669.56153466	4123771.00860372	
302669.55423091	4123770.69791481	
302669.52031291	4123770.38785155	
302669.521880577	4123770.07695408	
302669.532580512	4123769.7769441	
302669.540150271	4123769.34378172	
302669.532846525	4123769.03309281	
302669.543024769	4123768.71089076	
302669.562596129	4123768.41067223	
302669.573035224	4123768.09956621	
302669.583474321	4123767.7884602	
302669.603045688	4123767.48824166	
302669.621834514	4123767.15473503	
302669.632273617	4123766.84362902	
302669.659933868	4123766.50991384	
302669.679244398	4123766.19859927	
302669.698554929	4123765.88728471	
302669.726997733	4123765.58685762	
302669.746308269	4123765.27554306	
302669.766140503	4123764.98642056	
302669.785711891	4123764.68620203	
302669.796933554	4123764.40838411	
302669.798501253	4123764.09748665	
302669.791458376	4123763.79789377	
302669.802158348	4123763.49788379	
302669.786244048	4123763.19849947	
302669.76067578	4123762.86603559	
302669.743718091	4123762.52226713	
302669.71841067	4123762.20089929	
302669.692842401	4123761.86843542	
302669.667795825	4123761.55816361	
302669.606481001	4123761.21543791	
302669.536033898	4123760.86182473	
302669.447843935	4123760.50862865	
302669.342171959	4123760.1669457	
302669.21849627	4123759.81458383	
302669.068467135	4123759.47394364	
302668.91843799	4123759.13330346	
302668.768930529	4123758.81485534	
302668.628033639	4123758.48510265	
302668.478526157	4123758.16665454	
302668.329018665	4123757.84820643	
302668.188382593	4123757.52954977	
302668.03913593	4123757.2221977	
302667.907371271	4123756.90333249	
302667.766996018	4123756.59577187	
302667.653235053	4123756.28758559	
302667.482854442	4123755.83640221	
302667.37848659	4123755.55019945	
302667.2647256	4123755.24201318	
302667.102694684	4123754.76842919	
302667.006937394	4123754.47092185	
302666.902308662	4123754.17362306	
302666.80655136	4123753.87611572	
302666.710794051	4123753.57860838	
302666.614515035	4123753.25890897	
302666.527107448	4123752.93900102	
302666.466575015	4123752.62956343	
302666.406303428	4123752.33122188	
302666.346031838	4123752.03288033	
302666.264626309	4123751.59070746	
302666.213226148	4123751.29215736	
302666.171219124	4123751.01559076	
302666.129212099	4123750.73902417	
302666.078072782	4123750.4515701	
302666.0358049	4123750.16390747	
302666.002669307	4123749.88713232	
302665.960401422	4123749.5994697	
302665.936137264	4123749.322486	
302665.911873106	4123749.0455023	
302665.8878698	4123748.77961463	
302665.851864836	4123748.38078312	
302665.828122378	4123748.12599149	
302665.803858217	4123747.84900779	
302665.788726347	4123747.58291156	
302665.773855328	4123747.32791137	
302665.758984309	4123747.07291118	
302665.741765629	4123746.7180467	
302665.727155461	4123746.47414254	
302665.720895033	4123746.20783777	
302665.702372097	4123745.79749312	
302665.696111669	4123745.53118835	
302665.689590391	4123745.25378754	
302665.683069113	4123744.97638673	
302665.677069537	4123744.72117799	
302665.679941407	4123744.46576069	
302665.673941833	4123744.21055195	
302665.667681408	4123743.94424717	
302665.67081413	4123743.69992591	
302665.656203963	4123743.45602175	
302665.650204389	4123743.20081301	
302665.643683114	4123742.9234122	
302665.63716184	4123742.64601139	
302665.630901417	4123742.37970662	
302665.616030397	4123742.12470643	
302665.601159378	4123741.86970624	
302665.585766656	4123741.59251399	
302665.570373936	4123741.31532173	
302665.564113513	4123741.04901696	
302665.557853091	4123740.78271218	
302665.541416965	4123740.4611358	
302665.529156973	4123739.93962228	
302665.520809745	4123739.58454925	
302665.503851919	4123739.24078081	
302665.495504691	4123738.88570777	
302665.495507213	4123738.50823412	
302665.495770589	4123738.1418565	
302665.496033965	4123737.77547889	
302665.496558194	4123737.4201973	
302665.501519415	4123736.87607461	
302665.510132548	4123736.48729638	
302665.519006534	4123736.10961417	
302665.527880523	4123735.73193197	
302665.519272456	4123735.36576291	
302665.51118609	4123735.02178591	
302665.503099725	4123734.67780891	
302665.494752511	4123734.32273588	
302665.477794692	4123733.97896744	
302665.461097722	4123733.64629503	
302665.444400753	4123733.31362262	
302665.426921232	4123732.94766211	
302665.391437947	4123732.57102268	
302665.365086968	4123732.20527072	
302665.32986453	4123731.83972733	
302665.293859539	4123731.44089583	
302665.248983087	4123731.04227289	
302665.213238943	4123730.65453743	
302665.168623337	4123730.26701052	
302665.12426858	4123729.89057965	
302665.088263578	4123729.49174815	
302665.043387115	4123729.09312521	
302665.00764296	4123728.70538975	
302664.985204727	4123728.50607828	
302664.940849959	4123728.12964741	
302664.90536665	4123727.75300798	
302664.861533578	4123727.39876917	
302664.80465543	4123726.8672024	
302664.748038128	4123726.34673167	
302664.713598214	4123726.01447637	
302664.658024307	4123725.53838976	
302664.624366941	4123725.23942256	
302664.590709573	4123724.94045536	
302664.557313055	4123724.65258419	
302664.524177385	4123724.37580905	
302664.491302566	4123724.11012995	
302664.457384342	4123723.80006671	
302664.423987819	4123723.51219555	
302664.390852143	4123723.23542041	
302664.348845001	4123722.95885383	
302664.324580791	4123722.68187014	
302664.282312793	4123722.39420752	
302664.248916261	4123722.10633635	
302664.215258878	4123721.80736915	
302664.172208321	4123721.48641844	
302664.138029232	4123721.16525918	
302664.103850141	4123720.84409992	
302664.051406406	4123720.5011657	
302664.007573288	4123720.1469269	
302663.964001017	4123719.80378412	
302663.920428745	4123719.46064135	
302663.876856471	4123719.11749858	
302663.80693063	4123718.78607751	
302663.754486878	4123718.44314329	
302663.693693352	4123718.1226097	
302663.642293	4123717.82405961	
302663.581499469	4123717.50352602	
302663.511312756	4123717.16100891	
302663.450258365	4123716.82937929	
302663.389464822	4123716.50884569	
302663.319538949	4123716.17742462	
302663.257962843	4123715.82360293	
302663.187515257	4123715.4699898	
302663.117328519	4123715.1274727	
302663.038009449	4123714.77406812	
302662.958429522	4123714.40956752	
302662.869978111	4123714.04527547	
302662.790919876	4123713.70296693	
302662.69411868	4123713.3610755	
302662.606188957	4123713.01897551	
302662.509387748	4123712.67708409	
302662.413108237	4123712.35738472	
302662.317089574	4123712.04878139	
302662.220810052	4123711.72908203	
302662.124791377	4123711.42047871	
302662.05590884	4123711.13344177	
302661.978415674	4123710.85770943	
302661.909272277	4123710.55957647	
302661.849261209	4123710.27233098	
302661.780639511	4123709.99639008	
302661.711496102	4123709.69825712	
302661.651224172	4123709.3999156	
302661.591473944	4123709.12376614	
302661.522330524	4123708.82563318	
302661.452665392	4123708.50530816	
302661.392393448	4123708.20696664	
302661.323250016	4123707.90883368	
302661.254367434	4123707.62179675	
302661.194356333	4123707.33455127	
302661.124952036	4123707.02532228	
302661.055026026	4123706.69390123	
302660.96787875	4123706.38508935	
302660.881253177	4123706.09846955	
302660.812370571	4123705.81143262	
302660.734616475	4123705.52460425	
302660.656340665	4123705.21558383	
302660.577803996	4123704.89546737	
302660.481524348	4123704.57576802	
302660.385505549	4123704.26716471	
302660.298619085	4123703.96944888	
302660.202861129	4123703.6719416	
302660.097188258	4123703.33025876	
302659.982643892	4123702.98878447	
302659.859488884	4123702.65861478	
302659.753555135	4123702.30583591	
302659.648403945	4123701.98634513	
302659.5247272	4123701.63398338	
302659.383568322	4123701.29313478	
302659.25989156	4123700.94077303	
302659.136475643	4123700.59950732	
302659.004449082	4123700.26954619	
302658.881294004	4123699.93937651	
302658.739091651	4123699.55414379	
302658.606543349	4123699.20199061	
302658.464862685	4123698.83894996	
302658.341446713	4123698.49768426	
302658.226902226	4123698.15620999	
302658.12149008	4123697.8256232	
302657.95919696	4123697.34094333	
302657.863178007	4123697.03234004	
302657.748894342	4123696.70196182	
302657.604344176	4123696.21686483	
302657.499714562	4123695.91956614	
302657.386474302	4123695.63357204	
302657.22522454	4123695.19327631	
302657.073367975	4123694.77496408	
302656.969260046	4123694.49985746	
302656.790528106	4123694.07107489	
302656.677548661	4123693.79617684	
302656.573440708	4123693.52107022	
302656.424192678	4123693.21371832	
302656.227195971	4123692.76316082	
302656.002802166	4123692.27994092	
302655.843900016	4123691.93950949	
302655.591848227	4123691.41253116	
302655.424335407	4123691.08340434	
302655.256300852	4123690.73208545	
302655.088527146	4123690.3918626	
302654.929364069	4123690.04033516	
302654.752979695	4123689.71141692	
302654.585466811	4123689.38229011	
302654.427347142	4123689.0751468	
302654.260616819	4123688.7793081	
302654.111629494	4123688.48305226	
302653.96290302	4123688.19789247	
302653.8144374	4123687.9238287	
302653.66597177	4123687.64976494	
302653.526638499	4123687.38658865	
302653.387044356	4123687.11231633	
302653.247711069	4123686.84914004	
302653.117510142	4123686.59685122	
302652.978698564	4123686.355867	
302652.839365253	4123686.09269072	
302652.681767193	4123685.80773951	
302652.532518903	4123685.50038767	
302652.374659959	4123685.20434043	
302652.225933377	4123684.91918066	
302652.07746765	4123684.64511692	
302651.929262776	4123684.38214922	
302651.78079703	4123684.10808549	
302651.650074294	4123683.83360463	
302651.50213026	4123683.58173296	
302651.353403623	4123683.29657321	
302651.214070217	4123683.03339695	
302651.074736802	4123682.77022069	
302650.936185976	4123682.54033253	
302650.797113411	4123682.28825231	
302650.640036951	4123682.0254932	
302650.491831992	4123681.76252552	
302650.335016379	4123681.51086244	
302650.169850977	4123681.2816	
302649.921972426	4123680.93215832	
302649.756807004	4123680.70289589	
302649.573376811	4123680.45185853	
302649.298101072	4123680.06975448	
302649.124064102	4123679.84070062	
302648.931501493	4123679.57877581	
302648.592820757	4123679.14265161	
302648.355378806	4123678.8595776	
302648.11793684	4123678.57650359	
302647.981211952	4123678.4242877	
302647.725766061	4123678.13053481	
302647.470320153	4123677.83678193	
302647.215135099	4123677.55412509	
302646.850361387	4123677.14081873	
302646.604308678	4123676.86904937	
302646.367388341	4123676.60816747	
302646.021140197	4123676.22773209	
302645.793352214	4123675.97773767	
302645.56582509	4123675.73883929	
302645.347169471	4123675.49973233	
302645.13764623	4123675.27151285	
302644.928122979	4123675.04329336	
302644.691463414	4123674.79350754	
302644.46341448	4123674.53241712	
302644.23588728	4123674.29351877	
302644.008881816	4123674.07681248	
302643.725777603	4123673.73930131	
302643.452327512	4123673.43486965	
302643.09772934	4123673.07683503	
302642.861330541	4123672.83814529	
302642.597795414	4123672.57788922	
302642.342870917	4123672.30632854	
302642.096817926	4123672.0345593	
302641.696296766	4123671.61099142	
302641.441111336	4123671.32833474	
302641.186447641	4123671.06787013	
302640.923173286	4123670.81871014	
302640.659898916	4123670.56955016	
302640.39662453	4123670.32039018	
302640.142221652	4123670.07102163	
302639.896429405	4123669.81034848	
302639.668901951	4123669.57145025	
302639.423892314	4123669.3440652	
302639.041635706	4123668.94227235	
302638.787232748	4123668.69290384	
302638.532829774	4123668.44353534	
302638.279209428	4123668.22745494	
302638.043593003	4123668.02205342	
302637.808237449	4123667.82774794	
302637.572881884	4123667.63344246	
302637.337526307	4123667.43913699	
302637.083645017	4123667.21196059	
302636.838635242	4123666.98457562	
302636.585014808	4123666.76849527	
302636.349137418	4123666.55199776	
302636.122392428	4123666.34638771	
302635.886254131	4123666.11879418	
302635.650376704	4123665.90229669	
302635.423370796	4123665.68559063	
302635.18775423	4123665.48018918	
302634.961009182	4123665.27457916	
302634.716521065	4123665.06938631	
302634.444635689	4123664.83153112	
302634.172750296	4123664.59367595	
302633.737785814	4123664.21532688	
302633.438503128	4123663.94480939	
302633.14861373	4123663.69627538	
302632.714170931	4123663.34011843	
302632.433674798	4123663.11356792	
302632.144568005	4123662.89832204	
302631.794143138	4123662.71782437	
302631.513646959	4123662.49127389	
302631.242283188	4123662.27561087	
302630.962308759	4123662.07125247	
302630.69172763	4123661.88887756	
302630.438889557	4123661.70608548	
302630.177179937	4123661.52350199	
302629.897205456	4123661.31914362	
302629.626363388	4123661.12567271	
302629.373264376	4123660.93178463	
302629.120165352	4123660.73789656	
302628.867848994	4123660.57729658	
302628.641886337	4123660.40497482	
302628.407573924	4123660.25505371	
302628.181872143	4123660.09382799	
302627.938427282	4123659.93301945	
302627.694982413	4123659.77221092	
302627.478152139	4123659.61077663	
302627.261582754	4123659.46043837	
302627.062495538	4123659.2985869	
302626.845665241	4123659.13715262	
302626.547686629	4123658.92211551	
302626.348338491	4123658.74916803	
302626.158644571	4123658.60930005	
302625.877887204	4123658.37165372	
302625.669406604	4123658.18781881	
302625.443182921	4123658.00440109	
302625.109457183	4123657.77910238	
302624.910369885	4123657.61725096	
302624.6656204	4123657.40096235	
302624.377035004	4123657.20790879	
302624.107497166	4123657.0699182	
302623.845787262	4123656.88733491	
302623.601820424	4123656.70433442	
302623.331238958	4123656.52195974	
302623.033260161	4123656.30692275	
302622.862091908	4123656.19992575	
302622.564634889	4123656.00708084	
302622.267438756	4123655.82533197	
302621.945193397	4123655.7107851	
302621.512315115	4123655.42120489	
302621.205986495	4123655.22856862	
302620.891308126	4123655.05833303	
302620.381455836	4123654.89268661	
302620.085825036	4123654.77751401	
302619.833247415	4123654.60581826	
302619.54596633	4123654.46824502	
302619.249030979	4123654.29759229	
302618.959401727	4123654.06015477	
302618.687515543	4123653.82230007	
302618.391101962	4123653.67383943	
302618.020063341	4123653.37170315	
302617.750003455	4123653.2115207	
302617.479421744	4123653.02914619	
302617.210144558	4123652.90225186	
302616.957566819	4123652.73055619	
302616.588876277	4123652.52828427	
302616.381178051	4123652.37773767	
302616.146865185	4123652.22781689	
302615.930817217	4123652.09967098	
302615.6878937	4123651.96105484	
302615.418355541	4123651.82306453	
302615.112026643	4123651.63042847	
302614.887368009	4123651.51358722	
302614.662187546	4123651.3745539	
302614.463882623	4123651.24599082	
302614.274449239	4123651.11721913	
302614.085276761	4123650.99954347	
302613.824610089	4123650.8613446	
302613.653441601	4123650.75434778	
302613.490883743	4123650.63604632	
302613.301711242	4123650.51837069	
302613.130281828	4123650.40027784	
302612.950502689	4123650.30458567	
302612.753241366	4123650.22040675	
302612.546064838	4123650.09205231	
302612.177895894	4123649.91197264	
302611.953237171	4123649.79513146	
302611.720228721	4123649.70069096	
302611.513313078	4123649.58343257	
302611.314747148	4123649.44377352	
302611.116963956	4123649.33740257	
302610.901176748	4123649.22035281	
302610.694261082	4123649.10309445	
302610.424461827	4123648.95400825	
302610.208674599	4123648.83695851	
302609.983493983	4123648.69792532	
302609.767706742	4123648.58087558	
302609.533654564	4123648.44205101	
302609.29934146	4123648.29213041	
302609.091903912	4123648.15268002	
302608.830976146	4123648.00338527	
302608.596663017	4123647.85346469	
302608.344867699	4123647.71505737	
302608.102204841	4123647.58753748	
302607.868413525	4123647.45980898	
302607.635144041	4123647.35427256	
302607.39352484	4123647.27113681	
302607.114592994	4123647.1111633	
302606.889673198	4123646.98322622	
302606.620134725	4123646.84523617	
302606.377471814	4123646.71771633	
302606.152551995	4123646.58977926	
302605.910410913	4123646.4844515	
302605.66774798	4123646.35693167	
302605.398209464	4123646.21894167	
302605.155285592	4123646.08032583	
302604.920972341	4123645.93040534	
302604.686920003	4123645.7915809	
302604.452867658	4123645.65275646	
302604.218554381	4123645.502836	
302604.002506048	4123645.37469038	
302603.786979557	4123645.26873682	
302603.535705928	4123645.15252171	
302603.284171365	4123645.02521057	
302603.032114944	4123644.87570737	
302602.789190992	4123644.73709159	
302602.555660436	4123644.62045927	
302602.27698933	4123644.47158194	
302601.997535434	4123644.28941653	
302601.718342452	4123644.11834715	
302601.4041851	4123643.97030432	
302601.099682072	4123643.85534098	
302600.830665252	4123643.73954318	
302600.553298727	4123643.64614607	
302600.283760033	4123643.50815622	
302600.049446619	4123643.35823587	
302599.725373933	4123643.16601759	
302599.491321428	4123643.02719329	
302599.265618609	4123642.8659683	
302599.004690492	4123642.71667384	
302598.805341391	4123642.54372698	
302598.571288852	4123642.4049027	
302598.310360708	4123642.25560825	
302598.067436598	4123642.11699261	
302597.815379991	4123641.96748956	
302597.581066487	4123641.81756927	
302597.356146397	4123641.68963244	
302597.148708478	4123641.55018233	
302596.942053351	4123641.44402032	
302596.708261684	4123641.31629212	
302596.474730943	4123641.19965996	
302596.231545835	4123641.04994834	
302595.971661342	4123640.94503809	
302595.719865596	4123640.80663113	
302595.458676414	4123640.64624075	
302595.170611613	4123640.4753802	
302594.892462101	4123640.34869518	
302594.622923202	4123640.2107055	
302594.35364523	4123640.08381187	
302593.904848591	4123639.87232249	
302593.501192534	4123639.69307811	
302593.241307961	4123639.58816795	
302592.96289745	4123639.45038695	
302592.711362545	4123639.32307611	
302592.460088569	4123639.20686131	
302592.208292708	4123639.06845446	
302591.94736434	4123638.9191602	
302591.696090341	4123638.80294543	
302591.445338217	4123638.70892272	
302591.203196703	4123638.60359537	
302590.942529243	4123638.46539717	
302590.68107895	4123638.2939109	
302590.42902209	4123638.14440806	
302590.158700215	4123637.97313042	
302589.880028653	4123637.82425349	
302589.637104267	4123637.68563808	
302589.384786425	4123637.52503924	
302589.061235142	4123637.35501342	
302588.746555406	4123637.18477898	
302588.449618782	4123637.01412729	
302588.043874903	4123636.7461149	
302587.656917903	4123636.52206939	
302587.234213686	4123636.2877624	
302586.981895755	4123636.12716363	
302586.630946838	4123635.9244757	
302586.370540161	4123635.79737368	
302585.975494348	4123635.60682498	
302585.579404725	4123635.37189217	
302585.31012645	4123635.24499881	
302584.922908355	4123635.00985739	
302584.644758493	4123634.88317269	
302584.375219237	4123634.74518333	
302583.971040812	4123634.54374732	
302583.710634047	4123634.41664538	
302583.450488225	4123634.30063948	
302583.154334236	4123634.16327607	
302582.804167993	4123633.99387639	
302582.472005818	4123633.83515548	
302582.148193291	4123633.65403389	
302581.806637618	4123633.47332958	
302581.312438642	4123633.21849992	
302580.980276404	4123633.05977907	
302580.666118241	4123632.91173698	
302580.351960066	4123632.76369491	
302580.046151536	4123632.59325215	
302579.766957694	4123632.42218347	
302579.478631318	4123632.24022741	
302579.173866574	4123632.11416881	
302578.886583997	4123631.9765969	
302578.617305503	4123631.84970375	
302578.33941639	4123631.73411529	
302577.944109229	4123631.53247092	
302577.710056019	4123631.39364719	
302577.440516529	4123631.25565805	
302577.170977028	4123631.11766891	
302576.89282691	4123630.99098446	
302576.614415823	4123630.85320398	
302576.343832459	4123630.67083074	
302576.028369318	4123630.46730866	
302575.704817472	4123630.29728333	
302575.408141282	4123630.13772812	
302575.12033665	4123629.97796427	
302574.850275147	4123629.81778314	
302574.562731453	4123629.66911534	
302574.284059319	4123629.5202389	
302574.005387176	4123629.37136248	
302573.726193096	4123629.20029399	
302573.428733939	4123629.00745075	
302573.086916912	4123628.81565075	
302572.754232404	4123628.63473815	
302572.421286918	4123628.44272953	
302572.097212987	4123628.25051227	
302571.79166508	4123628.09116582	
302571.503599338	4123627.92030606	
302571.179525365	4123627.72808884	
302570.890415733	4123627.51284496	
302570.611743459	4123627.36396864	
302570.341942746	4123627.21488368	
302570.045266338	4123627.05532865	
302569.739718346	4123626.89598228	
302569.407555623	4123626.73726187	
302569.084264459	4123626.57833282	
302568.806114058	4123626.45164863	
302568.356794052	4123626.2179685	
302567.924956199	4123625.97277506	
302567.484768686	4123625.74998236	
302567.197224714	4123625.6013148	
302566.829575588	4123625.44342911	
302566.560035714	4123625.3054403	
302566.309282871	4123625.21141832	
302566.058008075	4123625.09520428	
302565.824476423	4123624.97857294	
302565.591205737	4123624.87303764	
302565.366806621	4123624.76729369	
302565.115270824	4123624.63998364	
302564.873128544	4123624.53465702	
302564.621592732	4123624.40734699	
302564.370056912	4123624.28003697	
302564.082773806	4123624.14246554	
302563.821322492	4123623.97098006	
302563.541867038	4123623.78881587	
302563.227186241	4123623.61858235	
302562.930248586	4123623.44793153	
302562.651315048	4123623.28795943	
302562.335851281	4123623.08443784	
302562.056656741	4123622.91336973	
302561.786333769	4123622.74209297	
302561.489135072	4123622.56034616	
302561.130096294	4123622.39115601	
302560.815415393	4123622.22092258	
302560.545092371	4123622.04964586	
302560.292773475	4123621.88904785	
302560.032104951	4123621.75085058	
302559.771175437	4123621.60155729	
302559.520161416	4123621.49643947	
302559.277757987	4123621.38001697	
302559.034571607	4123621.23030637	
302558.783557564	4123621.12518858	
302558.540893131	4123620.99767006	
302558.298228689	4123620.87015155	
302558.045909714	4123620.70955361	
302557.749493809	4123620.56109503	
302557.480214601	4123620.43420253	
302557.201541837	4123620.28532664	
302556.805972609	4123620.07258719	
302556.554175547	4123619.93418136	
302556.284113345	4123619.7740008	
302555.888544067	4123619.56126139	
302555.610132231	4123619.42348159	
302555.340069993	4123619.26330105	
302555.070268731	4123619.11421657	
302554.782985282	4123618.97664545	
302554.404376129	4123618.73020068	
302554.13483582	4123618.59221225	
302553.7653592	4123618.35665487	
302553.352568599	4123618.16652498	
302552.947866594	4123617.94289835	
302552.695286432	4123617.77120453	
302552.434617646	4123617.63300748	
302552.183081424	4123617.50569781	
302551.949027374	4123617.36687478	
302551.571723015	4123617.17591029	
302551.274523888	4123616.99416383	
302550.834596422	4123616.782468	
302550.564012018	4123616.60009555	
302550.150699266	4123616.38777375	
302549.854283059	4123616.23931543	
302549.575088024	4123616.06824771	
302549.296675959	4123615.93046811	
302549.027657459	4123615.81467191	
302548.722369625	4123615.6664223	
302548.399077611	4123615.50749402	
302548.093789753	4123615.35924444	
302547.797634467	4123615.22188222	
302547.501479169	4123615.08452002	
302547.052157919	4123614.85084099	
302546.657110153	4123614.66029407	
302546.414184338	4123614.52167985	
302546.171258515	4123614.38306565	
302545.937726267	4123614.26643484	
302545.686189838	4123614.13912535	
302545.425781815	4123614.01202455	
302545.200860135	4123613.88408906	
302544.968110856	4123613.80074637	
302544.733795575	4123613.6508275	
302544.365623461	4123613.47075068	
302544.122436571	4123613.3210405	
302543.853156907	4123613.19414842	
302543.592226822	4123613.04485561	
302543.322686139	4123612.90686751	
302542.946164375	4123612.7491915	
302542.686278268	4123612.64428285	
302542.343415817	4123612.40809992	
302542.083268688	4123612.29209525	
302541.786330175	4123612.12144514	
302541.561147381	4123611.9824137	
302541.317960394	4123611.8327036	
302540.904647156	4123611.62038223	
302540.599620018	4123611.48322894	
302540.312597057	4123611.35675434	
302540.069410029	4123611.20704427	
302539.69027806	4123610.93840806	
302539.411343636	4123610.77843671	
302539.058043379	4123610.47588638	
302538.805462696	4123610.30419296	
302538.562014602	4123610.1433869	
302538.120781389	4123609.87621155	
302537.805577503	4123609.68378688	
302537.491417639	4123609.53574635	
302537.185868346	4123609.37640111	
302536.762900252	4123609.13100052	
302536.322710966	4123608.90820939	
302536.027077265	4123608.79303965	
302535.785195137	4123608.69880986	
302535.526091841	4123608.62718952	
302535.185317111	4123608.47977513	
302534.942651928	4123608.35225727	
302534.556475153	4123608.16150221	
302534.304938356	4123608.03419305	
302534.070883728	4123607.89537049	
302533.801342712	4123607.75738269	
302533.53127966	4123607.59720283	
302533.261738624	4123607.45921505	
302532.99167555	4123607.29903521	
302532.71378493	4123607.1834482	
302532.417368066	4123607.03499047	
302531.931515487	4123606.75776284	
302531.498892451	4123606.4792831	
302531.175077699	4123606.29816339	
302530.895620914	4123606.11600023	
302530.581982819	4123605.99015202	
302530.150664789	4123605.76715251	
302529.863380441	4123605.62958221	
302529.549220272	4123605.48154197	
302529.261152846	4123605.31068359	
302528.901329565	4123605.10820667	
302528.604912555	4123604.95974908	
302528.343981925	4123604.81045672	
302528.029560676	4123604.6513205	
302527.829948152	4123604.4672792	
302527.462297288	4123604.30939516	
302527.040111703	4123604.09728314	
302526.743694621	4123603.94882561	
302526.46528175	4123603.81104673	
302526.240881536	4123603.70530379	
302525.962468648	4123603.56752492	
302525.7190201	4123603.40671922	
302525.485226217	4123603.27899292	
302525.206030227	4123603.10792598	
302524.962320626	4123602.93602426	
302524.691735189	4123602.75365261	
302524.377313788	4123602.59451652	
302524.045149174	4123602.43579784	
302523.739599349	4123602.27645307	
302523.47005797	4123602.13846559	
302523.227131386	4123601.99985202	
302522.860524429	4123601.88635231	
302522.556018671	4123601.77139172	
302522.304481487	4123601.64408291	
302522.061554867	4123601.50546937	
302521.791752406	4123601.35638591	
302521.522733021	4123601.24059056	
302521.244842027	4123601.12500391	
302520.976083657	4123601.0203046	
302520.696887495	4123600.84923781	
302520.373594339	4123600.69031056	
302520.068044375	4123600.53096593	
302519.806591384	4123600.35948176	
302519.572797319	4123600.23175562	
302519.376316885	4123600.18086691	
302519.124779601	4123600.05355819	
302518.623271207	4123599.86551697	
302518.371211835	4123599.71601621	
302518.110541883	4123599.57782019	
302517.814646539	4123599.45155503	
302517.572763916	4123599.35732575	
302517.339230821	4123599.24069571	
302517.105958754	4123599.1351617	
302516.642808066	4123599.06834215	
302516.238887204	4123598.87800531	
302515.968301438	4123598.69563392	
302515.522110812	4123598.59510891	
302515.218387934	4123598.51343668	
302514.914404011	4123598.42066843	
302514.61903065	4123598.31659544	
302514.350272097	4123598.21189635	
302514.055159759	4123598.11891941	
302513.759525336	4123598.00375042	
302513.464412982	4123597.91077351	
302512.937333659	4123597.76774289	
302512.632827599	4123597.65278264	
302512.257609719	4123597.55058813	
302511.998244798	4123597.46787246	
302511.730008266	4123597.38536551	
302511.461510684	4123597.29176253	
302511.193535183	4123597.22035163	
302510.93417024	4123597.137636	
302510.675066333	4123597.0660164	
302510.388825514	4123596.97283088	
302510.11171734	4123596.8905327	
302509.852352374	4123596.80781709	
302509.575505232	4123596.73661495	
302509.217247346	4123596.60071505	
302508.941183327	4123596.56280103	
302508.673468822	4123596.50248624	
302508.387750051	4123596.43149286	
302508.111163929	4123596.3713868	
302507.842927315	4123596.28887997	
302507.583823351	4123596.21726047	
302507.28923295	4123596.14647584	
302506.994642543	4123596.07569122	
302506.709184788	4123596.01579392	
302506.441209196	4123595.94438317	
302506.155751431	4123595.88448589	
302505.88803688	4123595.82417119	
302505.63858764	4123595.78563113	
302505.380005738	4123595.73620376	
302505.130556493	4123595.69766372	
302504.889978853	4123595.65891497	
302504.631919045	4123595.63167969	
302504.382730843	4123595.6042357	
302504.142414248	4123595.576583	
302503.866872267	4123595.56086122	
302503.421725503	4123595.50472098	
302503.145922464	4123595.47790318	
302502.808540266	4123595.47473851	
302502.328168103	4123595.43052924	
302502.00800701	4123595.40475508	
302501.696717524	4123595.37877222	
302501.367945871	4123595.36430285	
302501.039174217	4123595.34983349	
302500.683787732	4123595.3359903	
302500.320573864	4123595.36674	
302499.938572549	4123595.35352302	
302499.548482797	4123595.37380288	
302499.238759645	4123595.41439631	
302499.018013647	4123595.46399854	
302498.787873924	4123595.49161744	
302498.49484976	4123595.48740932	
302498.184082376	4123595.48361865	
302497.873314992	4123595.479828	
302497.562286546	4123595.46494132	
302497.23377594	4123595.46156814	
302496.896393724	4123595.45840371	
302496.567883116	4123595.45503055	
302496.257115726	4123595.45123996	
302495.946348334	4123595.44744938	
302495.653063098	4123595.43214532	
302495.368649469	4123595.41663254	
302495.05762101	4123595.40174596	
302494.701973438	4123595.37680699	
302494.328582643	4123595.3522855	
302493.990678283	4123595.32692911	
302493.661906597	4123595.31246004	
302493.315913819	4123595.32060051	
302492.960788368	4123595.31785369	
302492.6236672	4123595.32578545	
302492.277413355	4123595.32282993	
302491.905066815	4123595.34269269	
302491.523587599	4123595.35166815	
302491.150979991	4123595.36043491	
302490.770022912	4123595.39160248	
302490.397937446	4123595.42256133	
302490.043334129	4123595.4420067	
302489.723956181	4123595.44952112	
302489.413449843	4123595.45682681	
302489.094332967	4123595.47543729	
302488.775477163	4123595.50514381	
302488.438878141	4123595.53526781	
302488.09340751	4123595.56560056	
302487.748459029	4123595.6181254	
302487.43012538	4123595.67002404	
302487.102920125	4123595.72213143	
302486.784586483	4123595.77403009	
302486.448248549	4123595.81525021	
302486.103300083	4123595.86777511	
302485.766962155	4123595.90899526	
302485.439234762	4123595.93891064	
302485.085675773	4123596.00274036	
302484.740727322	4123596.05526532	
302484.369425123	4123596.11951255	
302484.033348288	4123596.1718288	
302483.697271456	4123596.22414506	
302483.344234646	4123596.31016692	
302483.000069453	4123596.39598005	
302482.673125322	4123596.45918365	
302482.346703358	4123596.54457933	
302482.028891927	4123596.61867025	
302481.729606963	4123596.72563179	
302481.411795543	4123596.79972273	
302481.102855736	4123596.87360494	
302480.803048625	4123596.95837446	
302480.512374211	4123597.05403127	
302480.221438719	4123597.13859206	
302479.930503233	4123597.22315286	
302479.648700445	4123597.31860095	
302479.35776497	4123597.40316177	
302479.058218977	4123597.49902738	
302478.75815082	4123597.57270094	
302478.484958576	4123597.6568443	
302478.229248467	4123597.72947414	
302477.938313017	4123597.81403501	
302477.638767053	4123597.90990067	
302477.347831614	4123597.99446156	
302477.066028877	4123598.08990975	
302476.792836664	4123598.17405316	
302476.511556114	4123598.29169344	
302476.230275572	4123598.40933372	
302475.939862341	4123598.51608674	
302475.666931241	4123598.61132622	
302475.402349574	4123598.6841649	
302475.138029	4123598.76809962	
302474.873708432	4123598.85203436	
302474.627131082	4123598.93555159	
302474.389686434	4123599.02995612	
302474.125888064	4123599.13608295	
302473.870961306	4123599.24200103	
302473.633777767	4123599.34750162	
302473.405204747	4123599.44169743	
302473.1414064	4123599.54782428	
302472.877869154	4123599.66504718	
302472.640946731	4123599.78164383	
302472.368798986	4123599.91017153	
302472.10578395	4123600.04958652	
302471.842507826	4123600.17790549	
302471.552877991	4123600.31794676	
302471.22854503	4123600.49211116	
302470.913083688	4123600.66606682	
302470.588750754	4123600.84023124	
302470.273028339	4123601.00309089	
302469.940346021	4123601.19965617	
302469.616274222	4123601.38491667	
302469.300812945	4123601.55887239	
302468.993962185	4123601.72152333	
302468.678239833	4123601.88438304	
302468.353906987	4123602.05854756	
302468.047578462	4123602.24339061	
302467.749860454	4123602.41692888	
302467.416656044	4123602.59130219	
302467.084234953	4123602.79896362	
302466.742681172	4123602.99573778	
302466.427481113	4123603.18078965	
302466.121413772	4123603.37672881	
302465.693232841	4123603.66435889	
302465.369161227	4123603.84961956	
302465.063093934	4123604.04555876	
302464.643784674	4123604.33298014	
302464.337978519	4123604.5400154	
302464.049654477	4123604.73553712	
302463.613124296	4123605.04556814	
302463.333671886	4123605.24088112	
302463.072223798	4123605.44687262	
302462.679268365	4123605.72257178	
302462.426430799	4123605.9172585	
302462.181942628	4123606.0895444	
302461.937976683	4123606.28402237	
302461.702360132	4123606.45609952	
302461.483703461	4123606.59447104	
302461.274440614	4123606.75482588	
302461.082920973	4123606.91476319	
302460.88226863	4123607.06381323	
302460.690487894	4123607.21265452	
302460.498446053	4123607.35039977	
302460.323886304	4123607.47663146	
302460.158198158	4123607.6026544	
302459.834649035	4123607.81010736	
302459.528582009	4123608.00604677	
302459.257740276	4123608.1900551	
302459.004380637	4123608.36254986	
302458.732233361	4123608.49107802	
302458.522187273	4123608.61814483	
302458.570455707	4123608.40606756	
302458.556622959	4123608.19545166	
